{
    "macroF": 0.8801671842039752,
    "recall": [
        0.9901960784313726,
        0.9473684210526315,
        0.6363636363636364
    ],
    "cm": [
        [
            101,
            1,
            0
        ],
        [
            0,
            18,
            1
        ],
        [
            3,
            1,
            7
        ]
    ],
    "window": 9
}