{
    "macroF": 0.7119904354198002,
    "recall": [
        0.9313725490196079,
        0.8947368421052632,
        0.36363636363636365
    ],
    "cm": [
        [
            95,
            2,
            5
        ],
        [
            2,
            17,
            0
        ],
        [
            2,
            5,
            4
        ]
    ],
    "window": 9
}