{
    "macroF": 0.8489231208101554,
    "recall": [
        0.9901960784313726,
        0.8947368421052632,
        0.6363636363636364
    ],
    "cm": [
        [
            101,
            0,
            1
        ],
        [
            0,
            17,
            2
        ],
        [
            2,
            2,
            7
        ]
    ],
    "window": 9
}