{
    "macroF": 0.7647058823529411,
    "recall": [
        0.9607843137254902,
        0.9473684210526315,
        0.36363636363636365
    ],
    "cm": [
        [
            98,
            4,
            0
        ],
        [
            1,
            18,
            0
        ],
        [
            3,
            4,
            4
        ]
    ],
    "window": 9
}