{
    "macroF": 0.7692126355492692,
    "recall": [
        0.9411764705882353,
        0.9473684210526315,
        0.45454545454545453
    ],
    "cm": [
        [
            96,
            2,
            4
        ],
        [
            1,
            18,
            0
        ],
        [
            3,
            3,
            5
        ]
    ],
    "window": 9
}