{
    "macroF": 0.8211006829427882,
    "recall": [
        0.9901960784313726,
        0.8947368421052632,
        0.45454545454545453
    ],
    "cm": [
        [
            101,
            1,
            0
        ],
        [
            2,
            17,
            0
        ],
        [
            4,
            2,
            5
        ]
    ],
    "window": 9
}