{
    "macroF": 0.7690407418668288,
    "recall": [
        0.9901960784313726,
        0.631578947368421,
        0.6363636363636364
    ],
    "cm": [
        [
            101,
            0,
            1
        ],
        [
            3,
            12,
            4
        ],
        [
            2,
            2,
            7
        ]
    ],
    "window": 9
}