{
    "macroF": 0.7836761289591477,
    "recall": [
        0.9901960784313726,
        0.8421052631578947,
        0.36363636363636365
    ],
    "cm": [
        [
            101,
            1,
            0
        ],
        [
            3,
            16,
            0
        ],
        [
            6,
            1,
            4
        ]
    ],
    "window": 9
}