{
    "macroF": 0.7755853047252277,
    "recall": [
        0.9705882352941176,
        0.7894736842105263,
        0.5454545454545454
    ],
    "cm": [
        [
            99,
            2,
            1
        ],
        [
            1,
            15,
            3
        ],
        [
            3,
            2,
            6
        ]
    ],
    "window": 9
}