{
    "macroF": 0.7718646864686468,
    "recall": [
        0.9223300970873787,
        0.6111111111111112,
        0.9166666666666666
    ],
    "cm": [
        [
            95,
            3,
            5
        ],
        [
            3,
            11,
            4
        ],
        [
            1,
            0,
            11
        ]
    ],
    "window": 9
}