{
    "macroF": 0.8120611916264089,
    "recall": [
        0.9803921568627451,
        0.631578947368421,
        0.8181818181818182
    ],
    "cm": [
        [
            100,
            0,
            2
        ],
        [
            4,
            12,
            3
        ],
        [
            1,
            1,
            9
        ]
    ],
    "window": 9
}