{
    "macroF": 0.8068658280922433,
    "recall": [
        1.0,
        0.7894736842105263,
        0.45454545454545453
    ],
    "cm": [
        [
            102,
            0,
            0
        ],
        [
            4,
            15,
            0
        ],
        [
            4,
            2,
            5
        ]
    ],
    "window": 9
}