{
    "macroF": 0.7974019607843137,
    "recall": [
        0.912621359223301,
        0.7222222222222222,
        0.9166666666666666
    ],
    "cm": [
        [
            94,
            3,
            6
        ],
        [
            2,
            13,
            3
        ],
        [
            1,
            0,
            11
        ]
    ],
    "window": 9
}