{
    "macroF": 0.8512100156836998,
    "recall": [
        0.9705882352941176,
        0.8421052631578947,
        0.6363636363636364
    ],
    "cm": [
        [
            99,
            2,
            1
        ],
        [
            3,
            16,
            0
        ],
        [
            4,
            0,
            7
        ]
    ],
    "window": 9
}