{
    "macroF": 0.8234557004783541,
    "recall": [
        0.941747572815534,
        0.7222222222222222,
        0.8333333333333334
    ],
    "cm": [
        [
            97,
            2,
            4
        ],
        [
            4,
            13,
            1
        ],
        [
            2,
            0,
            10
        ]
    ],
    "window": 9
}