{
    "macroF": 0.7912278582930755,
    "recall": [
        0.9803921568627451,
        0.5789473684210527,
        0.8181818181818182
    ],
    "cm": [
        [
            100,
            1,
            1
        ],
        [
            4,
            11,
            4
        ],
        [
            1,
            1,
            9
        ]
    ],
    "window": 9
}