{
    "macroF": 0.8168219944082012,
    "recall": [
        0.9223300970873787,
        0.8333333333333334,
        0.8333333333333334
    ],
    "cm": [
        [
            95,
            3,
            5
        ],
        [
            1,
            15,
            2
        ],
        [
            1,
            1,
            10
        ]
    ],
    "window": 9
}