{
    "macroF": 0.8030713640469737,
    "recall": [
        0.9803921568627451,
        0.9473684210526315,
        0.45454545454545453
    ],
    "cm": [
        [
            100,
            1,
            1
        ],
        [
            0,
            18,
            1
        ],
        [
            3,
            3,
            5
        ]
    ],
    "window": 9
}