{
    "macroF": 0.7329026303645594,
    "recall": [
        0.9117647058823529,
        0.9473684210526315,
        0.45454545454545453
    ],
    "cm": [
        [
            93,
            3,
            6
        ],
        [
            1,
            18,
            0
        ],
        [
            1,
            5,
            5
        ]
    ],
    "window": 9
}