{
    "macroF": 0.8363719130533743,
    "recall": [
        0.9320388349514563,
        0.7777777777777778,
        0.9166666666666666
    ],
    "cm": [
        [
            96,
            3,
            4
        ],
        [
            2,
            14,
            2
        ],
        [
            1,
            0,
            11
        ]
    ],
    "window": 9
}