{
    "macroF": 0.7194783988592851,
    "recall": [
        0.9313725490196079,
        0.9473684210526315,
        0.36363636363636365
    ],
    "cm": [
        [
            95,
            3,
            4
        ],
        [
            1,
            18,
            0
        ],
        [
            1,
            6,
            4
        ]
    ],
    "window": 9
}