{
    "macroF": 0.8483769811000932,
    "recall": [
        0.9803921568627451,
        0.9473684210526315,
        0.5454545454545454
    ],
    "cm": [
        [
            100,
            0,
            2
        ],
        [
            1,
            18,
            0
        ],
        [
            4,
            1,
            6
        ]
    ],
    "window": 9
}