{
    "macroF": 0.7965268065268066,
    "recall": [
        0.9514563106796117,
        0.6666666666666666,
        0.75
    ],
    "cm": [
        [
            98,
            3,
            2
        ],
        [
            4,
            12,
            2
        ],
        [
            3,
            0,
            9
        ]
    ],
    "window": 9
}