{
    "macroF": 0.7529259765921873,
    "recall": [
        0.9509803921568627,
        0.9473684210526315,
        0.36363636363636365
    ],
    "cm": [
        [
            97,
            3,
            2
        ],
        [
            1,
            18,
            0
        ],
        [
            4,
            3,
            4
        ]
    ],
    "window": 9
}