{
    "macroF": 0.8101135190918473,
    "recall": [
        0.9705882352941176,
        0.8947368421052632,
        0.45454545454545453
    ],
    "cm": [
        [
            99,
            2,
            1
        ],
        [
            2,
            17,
            0
        ],
        [
            6,
            0,
            5
        ]
    ],
    "window": 9
}