{
    "macroF": 0.7973114582309986,
    "recall": [
        0.9803921568627451,
        0.5263157894736842,
        0.9090909090909091
    ],
    "cm": [
        [
            100,
            0,
            2
        ],
        [
            5,
            10,
            4
        ],
        [
            1,
            0,
            10
        ]
    ],
    "window": 9
}