{
    "macroF": 0.6512780660853683,
    "recall": [
        0.9411764705882353,
        0.8947368421052632,
        0.18181818181818182
    ],
    "cm": [
        [
            96,
            2,
            4
        ],
        [
            2,
            17,
            0
        ],
        [
            3,
            6,
            2
        ]
    ],
    "window": 9
}