{
    "macroF": 0.8240392648287385,
    "recall": [
        0.9803921568627451,
        0.8947368421052632,
        0.45454545454545453
    ],
    "cm": [
        [
            100,
            2,
            0
        ],
        [
            2,
            17,
            0
        ],
        [
            6,
            0,
            5
        ]
    ],
    "window": 9
}