{
    "macroF": 0.7742123165055496,
    "recall": [
        0.8640776699029126,
        0.8333333333333334,
        0.8333333333333334
    ],
    "cm": [
        [
            89,
            5,
            9
        ],
        [
            2,
            15,
            1
        ],
        [
            2,
            0,
            10
        ]
    ],
    "window": 9
}