{
    "macroF": 0.8172649572649573,
    "recall": [
        0.9215686274509803,
        0.8947368421052632,
        0.7272727272727273
    ],
    "cm": [
        [
            94,
            2,
            6
        ],
        [
            2,
            17,
            0
        ],
        [
            2,
            1,
            8
        ]
    ],
    "window": 9
}