{
    "macroF": 0.8279854478117125,
    "recall": [
        0.9901960784313726,
        0.8947368421052632,
        0.5454545454545454
    ],
    "cm": [
        [
            101,
            0,
            1
        ],
        [
            1,
            17,
            1
        ],
        [
            2,
            3,
            6
        ]
    ],
    "window": 9
}