{
    "macroF": 0.7807544136803304,
    "recall": [
        1.0,
        0.8421052631578947,
        0.36363636363636365
    ],
    "cm": [
        [
            102,
            0,
            0
        ],
        [
            3,
            16,
            0
        ],
        [
            4,
            3,
            4
        ]
    ],
    "window": 9
}