{
    "macroF": 0.8439028651292801,
    "recall": [
        1.0,
        0.8947368421052632,
        0.45454545454545453
    ],
    "cm": [
        [
            102,
            0,
            0
        ],
        [
            2,
            17,
            0
        ],
        [
            6,
            0,
            5
        ]
    ],
    "window": 9
}