{
    "macroF": 0.7505627705627705,
    "recall": [
        0.9215686274509803,
        0.9473684210526315,
        0.45454545454545453
    ],
    "cm": [
        [
            94,
            2,
            6
        ],
        [
            1,
            18,
            0
        ],
        [
            3,
            3,
            5
        ]
    ],
    "window": 9
}