{
    "macroF": 0.7695036670646426,
    "recall": [
        0.9705882352941176,
        0.631578947368421,
        0.7272727272727273
    ],
    "cm": [
        [
            99,
            0,
            3
        ],
        [
            3,
            12,
            4
        ],
        [
            1,
            2,
            8
        ]
    ],
    "window": 9
}