{
    "macroF": 0.7323125996810207,
    "recall": [
        0.9803921568627451,
        0.47368421052631576,
        0.7272727272727273
    ],
    "cm": [
        [
            100,
            0,
            2
        ],
        [
            6,
            9,
            4
        ],
        [
            1,
            2,
            8
        ]
    ],
    "window": 9
}