{
    "macroF": 0.7477310231023102,
    "recall": [
        0.912621359223301,
        0.6111111111111112,
        0.8333333333333334
    ],
    "cm": [
        [
            94,
            3,
            6
        ],
        [
            3,
            11,
            4
        ],
        [
            2,
            0,
            10
        ]
    ],
    "window": 9
}