{
    "macroF": 0.7205128205128206,
    "recall": [
        0.9803921568627451,
        0.5789473684210527,
        0.5454545454545454
    ],
    "cm": [
        [
            100,
            1,
            1
        ],
        [
            5,
            11,
            3
        ],
        [
            1,
            4,
            6
        ]
    ],
    "window": 9
}