{
    "macroF": 0.7751068376068376,
    "recall": [
        0.9901960784313726,
        0.5789473684210527,
        0.7272727272727273
    ],
    "cm": [
        [
            101,
            0,
            1
        ],
        [
            4,
            11,
            4
        ],
        [
            1,
            2,
            8
        ]
    ],
    "window": 9
}