{
    "macroF": 0.883427965780907,
    "recall": [
        1.0,
        0.9473684210526315,
        0.5454545454545454
    ],
    "cm": [
        [
            102,
            0,
            0
        ],
        [
            1,
            18,
            0
        ],
        [
            5,
            0,
            6
        ]
    ],
    "window": 9
}