{
    "macroF": 0.7917204301075268,
    "recall": [
        0.9029126213592233,
        0.7777777777777778,
        0.8333333333333334
    ],
    "cm": [
        [
            93,
            3,
            7
        ],
        [
            2,
            14,
            2
        ],
        [
            2,
            0,
            10
        ]
    ],
    "window": 9
}