{
    "macroF": 0.7846564280049031,
    "recall": [
        0.9313725490196079,
        0.8421052631578947,
        0.6363636363636364
    ],
    "cm": [
        [
            95,
            2,
            5
        ],
        [
            3,
            16,
            0
        ],
        [
            1,
            3,
            7
        ]
    ],
    "window": 9
}