{
    "macroF": 0.724472873726605,
    "recall": [
        0.9215686274509803,
        0.9473684210526315,
        0.36363636363636365
    ],
    "cm": [
        [
            94,
            2,
            6
        ],
        [
            1,
            18,
            0
        ],
        [
            4,
            3,
            4
        ]
    ],
    "window": 9
}