{
    "macroF": 0.8053666689562012,
    "recall": [
        1.0,
        0.5263157894736842,
        0.8181818181818182
    ],
    "cm": [
        [
            102,
            0,
            0
        ],
        [
            6,
            10,
            3
        ],
        [
            1,
            1,
            9
        ]
    ],
    "window": 9
}