{
    "macroF": 0.8474215842636896,
    "recall": [
        0.9901960784313726,
        0.7368421052631579,
        0.7272727272727273
    ],
    "cm": [
        [
            101,
            0,
            1
        ],
        [
            3,
            14,
            2
        ],
        [
            3,
            0,
            8
        ]
    ],
    "window": 9
}