{
    "macroF": 0.8132258064516128,
    "recall": [
        0.9029126213592233,
        0.7777777777777778,
        0.9166666666666666
    ],
    "cm": [
        [
            93,
            3,
            7
        ],
        [
            3,
            14,
            1
        ],
        [
            1,
            0,
            11
        ]
    ],
    "window": 9
}