{
    "macroF": 0.8198629779419667,
    "recall": [
        0.9117647058823529,
        0.8947368421052632,
        0.8181818181818182
    ],
    "cm": [
        [
            93,
            1,
            8
        ],
        [
            1,
            17,
            1
        ],
        [
            1,
            1,
            9
        ]
    ],
    "window": 9
}