{
    "macroF": 0.7367399887196843,
    "recall": [
        0.8725490196078431,
        0.7368421052631579,
        0.7272727272727273
    ],
    "cm": [
        [
            89,
            8,
            5
        ],
        [
            4,
            14,
            1
        ],
        [
            2,
            1,
            8
        ]
    ],
    "window": 9
}