{
    "macroF": 0.7510565315443364,
    "recall": [
        0.9313725490196079,
        0.6842105263157895,
        0.6363636363636364
    ],
    "cm": [
        [
            95,
            0,
            7
        ],
        [
            5,
            13,
            1
        ],
        [
            3,
            1,
            7
        ]
    ],
    "window": 9
}