{
    "macroF": 0.8912343246708572,
    "recall": [
        0.9607843137254902,
        0.8947368421052632,
        0.8181818181818182
    ],
    "cm": [
        [
            98,
            2,
            2
        ],
        [
            2,
            17,
            0
        ],
        [
            2,
            0,
            9
        ]
    ],
    "window": 9
}