{
    "macroF": 0.8450226244343891,
    "recall": [
        0.970873786407767,
        0.7777777777777778,
        0.75
    ],
    "cm": [
        [
            100,
            2,
            1
        ],
        [
            2,
            14,
            2
        ],
        [
            3,
            0,
            9
        ]
    ],
    "window": 9
}