{
    "macroF": 0.7219890478714008,
    "recall": [
        0.9223300970873787,
        0.6111111111111112,
        0.6666666666666666
    ],
    "cm": [
        [
            95,
            8,
            0
        ],
        [
            2,
            11,
            5
        ],
        [
            4,
            0,
            8
        ]
    ],
    "window": 9
}