{
    "macroF": 0.8694809255784866,
    "recall": [
        0.9901960784313726,
        0.9473684210526315,
        0.6363636363636364
    ],
    "cm": [
        [
            101,
            0,
            1
        ],
        [
            0,
            18,
            1
        ],
        [
            2,
            2,
            7
        ]
    ],
    "window": 9
}