{
    "macroF": 0.8481385281385281,
    "recall": [
        0.9411764705882353,
        0.9473684210526315,
        0.7272727272727273
    ],
    "cm": [
        [
            96,
            3,
            3
        ],
        [
            1,
            18,
            0
        ],
        [
            1,
            2,
            8
        ]
    ],
    "window": 9
}