{
    "macroF": 0.831709050302015,
    "recall": [
        0.9411764705882353,
        1.0,
        0.6363636363636364
    ],
    "cm": [
        [
            96,
            3,
            3
        ],
        [
            0,
            19,
            0
        ],
        [
            1,
            3,
            7
        ]
    ],
    "window": 9
}