{
    "macroF": 0.8012320621016272,
    "recall": [
        0.9611650485436893,
        0.8333333333333334,
        0.5833333333333334
    ],
    "cm": [
        [
            99,
            3,
            1
        ],
        [
            1,
            15,
            2
        ],
        [
            4,
            1,
            7
        ]
    ],
    "window": 9
}