{
    "macroF": 0.8713639301874596,
    "recall": [
        0.9803921568627451,
        0.8947368421052632,
        0.7272727272727273
    ],
    "cm": [
        [
            100,
            1,
            1
        ],
        [
            1,
            17,
            1
        ],
        [
            1,
            2,
            8
        ]
    ],
    "window": 9
}