{
    "macroF": 0.7799856506753059,
    "recall": [
        0.9411764705882353,
        0.7894736842105263,
        0.6363636363636364
    ],
    "cm": [
        [
            96,
            1,
            5
        ],
        [
            3,
            15,
            1
        ],
        [
            2,
            2,
            7
        ]
    ],
    "window": 9
}