{
    "macroF": 0.88307675264197,
    "recall": [
        0.970873786407767,
        0.8888888888888888,
        0.75
    ],
    "cm": [
        [
            100,
            3,
            0
        ],
        [
            1,
            16,
            1
        ],
        [
            3,
            0,
            9
        ]
    ],
    "window": 9
}