{
    "macroF": 0.9193899782135077,
    "recall": [
        0.9803921568627451,
        0.8947368421052632,
        0.9090909090909091
    ],
    "cm": [
        [
            100,
            0,
            2
        ],
        [
            1,
            17,
            1
        ],
        [
            1,
            0,
            10
        ]
    ],
    "window": 9
}