{
    "macroF": 0.8034237107921318,
    "recall": [
        0.9803921568627451,
        0.5789473684210527,
        0.8181818181818182
    ],
    "cm": [
        [
            100,
            0,
            2
        ],
        [
            5,
            11,
            3
        ],
        [
            2,
            0,
            9
        ]
    ],
    "window": 9
}