{
    "macroF": 0.6508029008029008,
    "recall": [
        0.9514563106796117,
        0.5555555555555556,
        0.4166666666666667
    ],
    "cm": [
        [
            98,
            4,
            1
        ],
        [
            4,
            10,
            4
        ],
        [
            3,
            4,
            5
        ]
    ],
    "window": 9
}