{
    "macroF": 0.760904071773637,
    "recall": [
        0.9611650485436893,
        0.7222222222222222,
        0.5833333333333334
    ],
    "cm": [
        [
            99,
            3,
            1
        ],
        [
            1,
            13,
            4
        ],
        [
            4,
            1,
            7
        ]
    ],
    "window": 9
}