{
    "macroF": 0.8193076273571629,
    "recall": [
        0.9411764705882353,
        0.7894736842105263,
        0.7272727272727273
    ],
    "cm": [
        [
            96,
            3,
            3
        ],
        [
            4,
            15,
            0
        ],
        [
            2,
            1,
            8
        ]
    ],
    "window": 9
}