{
    "macroF": 0.8480308044286473,
    "recall": [
        0.9411764705882353,
        0.8947368421052632,
        0.8181818181818182
    ],
    "cm": [
        [
            96,
            3,
            3
        ],
        [
            1,
            17,
            1
        ],
        [
            0,
            2,
            9
        ]
    ],
    "window": 9
}