{
    "macroF": 0.8347504472451708,
    "recall": [
        0.9607843137254902,
        0.7894736842105263,
        0.7272727272727273
    ],
    "cm": [
        [
            98,
            1,
            3
        ],
        [
            3,
            15,
            1
        ],
        [
            3,
            0,
            8
        ]
    ],
    "window": 9
}