{
    "macroF": 0.9063779357897005,
    "recall": [
        0.9901960784313726,
        0.8947368421052632,
        0.8181818181818182
    ],
    "cm": [
        [
            101,
            1,
            0
        ],
        [
            1,
            17,
            1
        ],
        [
            0,
            2,
            9
        ]
    ],
    "window": 9
}