{
    "macroF": 0.9275803834564059,
    "recall": [
        0.9803921568627451,
        0.9473684210526315,
        0.9090909090909091
    ],
    "cm": [
        [
            100,
            1,
            1
        ],
        [
            0,
            18,
            1
        ],
        [
            0,
            1,
            10
        ]
    ],
    "window": 9
}