{
    "macroF": 0.7380459430148871,
    "recall": [
        0.9019607843137255,
        0.7894736842105263,
        0.6363636363636364
    ],
    "cm": [
        [
            92,
            8,
            2
        ],
        [
            1,
            15,
            3
        ],
        [
            1,
            3,
            7
        ]
    ],
    "window": 9
}