{
    "macroF": 0.8284780578898226,
    "recall": [
        0.9901960784313726,
        0.7368421052631579,
        0.6363636363636364
    ],
    "cm": [
        [
            101,
            0,
            1
        ],
        [
            4,
            14,
            1
        ],
        [
            3,
            1,
            7
        ]
    ],
    "window": 9
}