{
    "macroF": 0.7042387269431095,
    "recall": [
        0.7941176470588235,
        0.9473684210526315,
        0.5454545454545454
    ],
    "cm": [
        [
            81,
            19,
            2
        ],
        [
            1,
            18,
            0
        ],
        [
            2,
            3,
            6
        ]
    ],
    "window": 9
}