{
    "macroF": 0.7708719851576995,
    "recall": [
        0.9117647058823529,
        1.0,
        0.5454545454545454
    ],
    "cm": [
        [
            93,
            2,
            7
        ],
        [
            0,
            19,
            0
        ],
        [
            1,
            4,
            6
        ]
    ],
    "window": 9
}