{
    "macroF": 0.915220411772136,
    "recall": [
        0.9803921568627451,
        0.8421052631578947,
        1.0
    ],
    "cm": [
        [
            100,
            0,
            2
        ],
        [
            1,
            16,
            2
        ],
        [
            0,
            0,
            11
        ]
    ],
    "window": 9
}