{
    "macroF": 0.8599703238194989,
    "recall": [
        0.9509803921568627,
        0.8947368421052632,
        0.8181818181818182
    ],
    "cm": [
        [
            97,
            1,
            4
        ],
        [
            1,
            17,
            1
        ],
        [
            1,
            1,
            9
        ]
    ],
    "window": 9
}