{
    "macroF": 0.864957264957265,
    "recall": [
        0.9803921568627451,
        0.7894736842105263,
        0.7272727272727273
    ],
    "cm": [
        [
            100,
            1,
            1
        ],
        [
            4,
            15,
            0
        ],
        [
            2,
            1,
            8
        ]
    ],
    "window": 9
}