{
    "macroF": 0.7459123002601263,
    "recall": [
        0.8627450980392157,
        0.9473684210526315,
        0.6363636363636364
    ],
    "cm": [
        [
            88,
            6,
            8
        ],
        [
            1,
            18,
            0
        ],
        [
            1,
            3,
            7
        ]
    ],
    "window": 9
}