{
    "macroF": 0.807500956754688,
    "recall": [
        0.912621359223301,
        0.7777777777777778,
        0.8333333333333334
    ],
    "cm": [
        [
            94,
            6,
            3
        ],
        [
            3,
            14,
            1
        ],
        [
            1,
            1,
            10
        ]
    ],
    "window": 9
}