{
    "macroF": 0.8212382288118613,
    "recall": [
        1.0,
        0.5789473684210527,
        0.8181818181818182
    ],
    "cm": [
        [
            102,
            0,
            0
        ],
        [
            5,
            11,
            3
        ],
        [
            1,
            1,
            9
        ]
    ],
    "window": 8
}