{
    "macroF": 0.8566356388201563,
    "recall": [
        0.9901960784313726,
        0.8421052631578947,
        0.7272727272727273
    ],
    "cm": [
        [
            101,
            0,
            1
        ],
        [
            0,
            16,
            3
        ],
        [
            2,
            1,
            8
        ]
    ],
    "window": 8
}