{
    "macroF": 0.8472662427886308,
    "recall": [
        0.9223300970873787,
        0.8333333333333334,
        0.9166666666666666
    ],
    "cm": [
        [
            95,
            4,
            4
        ],
        [
            2,
            15,
            1
        ],
        [
            1,
            0,
            11
        ]
    ],
    "window": 8
}