{
    "macroF": 0.8200328407224959,
    "recall": [
        0.9320388349514563,
        0.7777777777777778,
        0.8333333333333334
    ],
    "cm": [
        [
            96,
            3,
            4
        ],
        [
            2,
            14,
            2
        ],
        [
            2,
            0,
            10
        ]
    ],
    "window": 8
}