{
    "macroF": 0.884441272500974,
    "recall": [
        0.9509803921568627,
        0.8947368421052632,
        0.9090909090909091
    ],
    "cm": [
        [
            97,
            1,
            4
        ],
        [
            1,
            17,
            1
        ],
        [
            1,
            0,
            10
        ]
    ],
    "window": 8
}