{
    "macroF": 0.8630087088976456,
    "recall": [
        0.9607843137254902,
        0.9473684210526315,
        0.7272727272727273
    ],
    "cm": [
        [
            98,
            1,
            3
        ],
        [
            0,
            18,
            1
        ],
        [
            2,
            1,
            8
        ]
    ],
    "window": 8
}