{
    "macroF": 0.8285323024346498,
    "recall": [
        0.9607843137254902,
        1.0,
        0.5454545454545454
    ],
    "cm": [
        [
            98,
            2,
            2
        ],
        [
            0,
            19,
            0
        ],
        [
            2,
            3,
            6
        ]
    ],
    "window": 8
}