{
    "macroF": 0.8120678222980012,
    "recall": [
        0.9901960784313726,
        0.6842105263157895,
        0.7272727272727273
    ],
    "cm": [
        [
            101,
            0,
            1
        ],
        [
            3,
            13,
            3
        ],
        [
            1,
            2,
            8
        ]
    ],
    "window": 8
}