{
    "macroF": 0.8502920181700194,
    "recall": [
        0.9411764705882353,
        0.9473684210526315,
        0.7272727272727273
    ],
    "cm": [
        [
            96,
            2,
            4
        ],
        [
            1,
            18,
            0
        ],
        [
            2,
            1,
            8
        ]
    ],
    "window": 8
}