{
    "macroF": 0.8538652954599427,
    "recall": [
        1.0,
        0.8421052631578947,
        0.5454545454545454
    ],
    "cm": [
        [
            102,
            0,
            0
        ],
        [
            3,
            16,
            0
        ],
        [
            4,
            1,
            6
        ]
    ],
    "window": 8
}