{
    "macroF": 0.8484491315136475,
    "recall": [
        0.9901960784313726,
        0.631578947368421,
        0.9090909090909091
    ],
    "cm": [
        [
            101,
            0,
            1
        ],
        [
            4,
            12,
            3
        ],
        [
            1,
            0,
            10
        ]
    ],
    "window": 8
}