{
    "macroF": 0.7837306378721495,
    "recall": [
        0.9411764705882353,
        0.8947368421052632,
        0.5454545454545454
    ],
    "cm": [
        [
            96,
            2,
            4
        ],
        [
            2,
            17,
            0
        ],
        [
            2,
            3,
            6
        ]
    ],
    "window": 8
}