{
    "macroF": 0.7733321566594228,
    "recall": [
        0.9313725490196079,
        0.8947368421052632,
        0.5454545454545454
    ],
    "cm": [
        [
            95,
            2,
            5
        ],
        [
            2,
            17,
            0
        ],
        [
            2,
            3,
            6
        ]
    ],
    "window": 8
}