{
    "macroF": 0.7797278190173206,
    "recall": [
        0.9313725490196079,
        0.8421052631578947,
        0.6363636363636364
    ],
    "cm": [
        [
            95,
            2,
            5
        ],
        [
            3,
            16,
            0
        ],
        [
            0,
            4,
            7
        ]
    ],
    "window": 8
}