{
    "macroF": 0.8385093167701863,
    "recall": [
        0.9901960784313726,
        0.7368421052631579,
        0.7272727272727273
    ],
    "cm": [
        [
            101,
            1,
            0
        ],
        [
            3,
            14,
            2
        ],
        [
            1,
            2,
            8
        ]
    ],
    "window": 8
}