{
    "macroF": 0.8854231564039451,
    "recall": [
        0.9215686274509803,
        0.9473684210526315,
        0.9090909090909091
    ],
    "cm": [
        [
            94,
            6,
            2
        ],
        [
            1,
            18,
            0
        ],
        [
            1,
            0,
            10
        ]
    ],
    "window": 8
}