{
    "macroF": 0.8369281045751634,
    "recall": [
        0.9607843137254902,
        0.8947368421052632,
        0.6363636363636364
    ],
    "cm": [
        [
            98,
            2,
            2
        ],
        [
            2,
            17,
            0
        ],
        [
            2,
            2,
            7
        ]
    ],
    "window": 8
}