{
    "macroF": 0.8764424430059106,
    "recall": [
        1.0,
        0.9473684210526315,
        0.5454545454545454
    ],
    "cm": [
        [
            102,
            0,
            0
        ],
        [
            1,
            18,
            0
        ],
        [
            4,
            1,
            6
        ]
    ],
    "window": 8
}