{
    "macroF": 0.8053340421761473,
    "recall": [
        0.9803921568627451,
        0.6842105263157895,
        0.6363636363636364
    ],
    "cm": [
        [
            100,
            2,
            0
        ],
        [
            5,
            13,
            1
        ],
        [
            2,
            2,
            7
        ]
    ],
    "window": 8
}