{
    "macroF": 0.8173441734417343,
    "recall": [
        0.9607843137254902,
        0.8947368421052632,
        0.5454545454545454
    ],
    "cm": [
        [
            98,
            3,
            1
        ],
        [
            2,
            17,
            0
        ],
        [
            3,
            2,
            6
        ]
    ],
    "window": 8
}