{
    "macroF": 0.8484245439469321,
    "recall": [
        0.9223300970873787,
        0.8888888888888888,
        0.8333333333333334
    ],
    "cm": [
        [
            95,
            6,
            2
        ],
        [
            1,
            16,
            1
        ],
        [
            2,
            0,
            10
        ]
    ],
    "window": 8
}