{
    "macroF": 0.9050662638605509,
    "recall": [
        0.9803921568627451,
        0.9473684210526315,
        0.8181818181818182
    ],
    "cm": [
        [
            100,
            0,
            2
        ],
        [
            0,
            18,
            1
        ],
        [
            1,
            1,
            9
        ]
    ],
    "window": 8
}