{
    "macroF": 0.8255892255892258,
    "recall": [
        0.912621359223301,
        0.7777777777777778,
        1.0
    ],
    "cm": [
        [
            94,
            3,
            6
        ],
        [
            1,
            14,
            3
        ],
        [
            0,
            0,
            12
        ]
    ],
    "window": 8
}