{
    "macroF": 0.85577964519141,
    "recall": [
        0.9901960784313726,
        0.7894736842105263,
        0.8181818181818182
    ],
    "cm": [
        [
            101,
            0,
            1
        ],
        [
            0,
            15,
            4
        ],
        [
            1,
            1,
            9
        ]
    ],
    "window": 8
}