{
    "macroF": 0.7791697115217316,
    "recall": [
        0.9705882352941176,
        0.5789473684210527,
        0.8181818181818182
    ],
    "cm": [
        [
            99,
            0,
            3
        ],
        [
            4,
            11,
            4
        ],
        [
            1,
            1,
            9
        ]
    ],
    "window": 13
}