{
    "macroF": 0.8206599713055954,
    "recall": [
        0.9607843137254902,
        0.631578947368421,
        0.9090909090909091
    ],
    "cm": [
        [
            98,
            3,
            1
        ],
        [
            4,
            12,
            3
        ],
        [
            1,
            0,
            10
        ]
    ],
    "window": 13
}