{
    "macroF": 0.8340369640679238,
    "recall": [
        0.9901960784313726,
        0.9473684210526315,
        0.45454545454545453
    ],
    "cm": [
        [
            101,
            0,
            1
        ],
        [
            1,
            18,
            0
        ],
        [
            5,
            1,
            5
        ]
    ],
    "window": 13
}