{
    "macroF": 0.8296612177209192,
    "recall": [
        0.9509803921568627,
        0.9473684210526315,
        0.6363636363636364
    ],
    "cm": [
        [
            97,
            2,
            3
        ],
        [
            1,
            18,
            0
        ],
        [
            1,
            3,
            7
        ]
    ],
    "window": 13
}