{
    "macroF": 0.749471107614302,
    "recall": [
        0.9320388349514563,
        0.5555555555555556,
        0.8333333333333334
    ],
    "cm": [
        [
            96,
            3,
            4
        ],
        [
            4,
            10,
            4
        ],
        [
            2,
            0,
            10
        ]
    ],
    "window": 13
}