{
    "macroF": 0.8038610695464229,
    "recall": [
        0.9705882352941176,
        0.5789473684210527,
        0.9090909090909091
    ],
    "cm": [
        [
            99,
            1,
            2
        ],
        [
            4,
            11,
            4
        ],
        [
            1,
            0,
            10
        ]
    ],
    "window": 13
}