{
    "macroF": 0.7927272727272728,
    "recall": [
        0.9411764705882353,
        0.9473684210526315,
        0.5454545454545454
    ],
    "cm": [
        [
            96,
            3,
            3
        ],
        [
            1,
            18,
            0
        ],
        [
            1,
            4,
            6
        ]
    ],
    "window": 13
}