{
    "macroF": 0.7587205094803879,
    "recall": [
        0.9019607843137255,
        0.9473684210526315,
        0.5454545454545454
    ],
    "cm": [
        [
            92,
            6,
            4
        ],
        [
            1,
            18,
            0
        ],
        [
            1,
            4,
            6
        ]
    ],
    "window": 13
}