{
    "macroF": 0.9377918938894548,
    "recall": [
        0.9901960784313726,
        0.8947368421052632,
        0.9090909090909091
    ],
    "cm": [
        [
            101,
            0,
            1
        ],
        [
            2,
            17,
            0
        ],
        [
            0,
            1,
            10
        ]
    ],
    "window": 13
}