{
    "macroF": 0.7861774412735391,
    "recall": [
        0.9607843137254902,
        0.9473684210526315,
        0.45454545454545453
    ],
    "cm": [
        [
            98,
            3,
            1
        ],
        [
            1,
            18,
            0
        ],
        [
            1,
            5,
            5
        ]
    ],
    "window": 13
}