{
    "macroF": 0.8824682092974777,
    "recall": [
        0.9803921568627451,
        0.8947368421052632,
        0.7272727272727273
    ],
    "cm": [
        [
            100,
            2,
            0
        ],
        [
            1,
            17,
            1
        ],
        [
            2,
            1,
            8
        ]
    ],
    "window": 13
}