{
    "macroF": 0.865920840749216,
    "recall": [
        0.9803921568627451,
        0.8947368421052632,
        0.6363636363636364
    ],
    "cm": [
        [
            100,
            1,
            1
        ],
        [
            2,
            17,
            0
        ],
        [
            3,
            1,
            7
        ]
    ],
    "window": 13
}