{
    "macroF": 0.78997328304259,
    "recall": [
        0.9509803921568627,
        0.8947368421052632,
        0.5454545454545454
    ],
    "cm": [
        [
            97,
            2,
            3
        ],
        [
            2,
            17,
            0
        ],
        [
            1,
            4,
            6
        ]
    ],
    "window": 13
}