{
    "macroF": 0.8800904977375565,
    "recall": [
        0.9514563106796117,
        0.8333333333333334,
        0.9166666666666666
    ],
    "cm": [
        [
            98,
            3,
            2
        ],
        [
            2,
            15,
            1
        ],
        [
            1,
            0,
            11
        ]
    ],
    "window": 13
}