{
    "macroF": 0.8220682994552342,
    "recall": [
        0.9029126213592233,
        0.8888888888888888,
        0.8333333333333334
    ],
    "cm": [
        [
            93,
            3,
            7
        ],
        [
            1,
            16,
            1
        ],
        [
            2,
            0,
            10
        ]
    ],
    "window": 13
}