{
    "macroF": 0.9504357298474946,
    "recall": [
        0.9901960784313726,
        0.8947368421052632,
        1.0
    ],
    "cm": [
        [
            101,
            0,
            1
        ],
        [
            1,
            17,
            1
        ],
        [
            0,
            0,
            11
        ]
    ],
    "window": 13
}