{
    "macroF": 0.8182767099476349,
    "recall": [
        0.9607843137254902,
        0.8947368421052632,
        0.5454545454545454
    ],
    "cm": [
        [
            98,
            2,
            2
        ],
        [
            2,
            17,
            0
        ],
        [
            4,
            1,
            6
        ]
    ],
    "window": 13
}