{
    "macroF": 0.8286026918452015,
    "recall": [
        0.9803921568627451,
        0.631578947368421,
        0.9090909090909091
    ],
    "cm": [
        [
            100,
            0,
            2
        ],
        [
            3,
            12,
            4
        ],
        [
            1,
            0,
            10
        ]
    ],
    "window": 13
}