{
    "macroF": 0.8376596831885538,
    "recall": [
        0.9803921568627451,
        0.8421052631578947,
        0.6363636363636364
    ],
    "cm": [
        [
            100,
            2,
            0
        ],
        [
            1,
            16,
            2
        ],
        [
            3,
            1,
            7
        ]
    ],
    "window": 9
}