{
    "macroF": 0.7915542060278903,
    "recall": [
        0.9901960784313726,
        0.7368421052631579,
        0.5454545454545454
    ],
    "cm": [
        [
            101,
            1,
            0
        ],
        [
            4,
            14,
            1
        ],
        [
            1,
            4,
            6
        ]
    ],
    "window": 9
}