{
    "macroF": 0.7639303836486935,
    "recall": [
        0.9901960784313726,
        0.6842105263157895,
        0.45454545454545453
    ],
    "cm": [
        [
            101,
            0,
            1
        ],
        [
            5,
            13,
            1
        ],
        [
            5,
            1,
            5
        ]
    ],
    "window": 9
}