{
    "macroF": 0.8096700083542189,
    "recall": [
        0.9901960784313726,
        0.8421052631578947,
        0.45454545454545453
    ],
    "cm": [
        [
            101,
            1,
            0
        ],
        [
            3,
            16,
            0
        ],
        [
            4,
            2,
            5
        ]
    ],
    "window": 9
}