{
    "macroF": 0.8584169453734671,
    "recall": [
        1.0,
        0.9473684210526315,
        0.5454545454545454
    ],
    "cm": [
        [
            102,
            0,
            0
        ],
        [
            0,
            18,
            1
        ],
        [
            3,
            2,
            6
        ]
    ],
    "window": 9
}