{
    "macroF": 0.7682539682539682,
    "recall": [
        1.0,
        0.5789473684210527,
        0.6363636363636364
    ],
    "cm": [
        [
            102,
            0,
            0
        ],
        [
            5,
            11,
            3
        ],
        [
            1,
            3,
            7
        ]
    ],
    "window": 9
}