{
    "macroF": 0.8492590085007147,
    "recall": [
        1.0,
        0.8421052631578947,
        0.5454545454545454
    ],
    "cm": [
        [
            102,
            0,
            0
        ],
        [
            2,
            16,
            1
        ],
        [
            5,
            0,
            6
        ]
    ],
    "window": 9
}