{
    "macroF": 0.7916760148921297,
    "recall": [
        0.912621359223301,
        0.6666666666666666,
        0.9166666666666666
    ],
    "cm": [
        [
            94,
            5,
            4
        ],
        [
            4,
            12,
            2
        ],
        [
            1,
            0,
            11
        ]
    ],
    "window": 9
}