{
    "macroF": 0.8284188034188033,
    "recall": [
        0.9705882352941176,
        0.7894736842105263,
        0.6363636363636364
    ],
    "cm": [
        [
            99,
            1,
            2
        ],
        [
            4,
            15,
            0
        ],
        [
            3,
            1,
            7
        ]
    ],
    "window": 9
}