{
    "macroF": 0.8458468176914778,
    "recall": [
        0.9803921568627451,
        0.9473684210526315,
        0.5454545454545454
    ],
    "cm": [
        [
            100,
            1,
            1
        ],
        [
            1,
            18,
            0
        ],
        [
            3,
            2,
            6
        ]
    ],
    "window": 9
}