{
    "macroF": 0.7591365011654164,
    "recall": [
        0.9509803921568627,
        0.8947368421052632,
        0.45454545454545453
    ],
    "cm": [
        [
            97,
            2,
            3
        ],
        [
            2,
            17,
            0
        ],
        [
            1,
            5,
            5
        ]
    ],
    "window": 9
}