{
    "macroF": 0.7896734277331293,
    "recall": [
        0.9509803921568627,
        0.8421052631578947,
        0.6363636363636364
    ],
    "cm": [
        [
            97,
            2,
            3
        ],
        [
            0,
            16,
            3
        ],
        [
            2,
            2,
            7
        ]
    ],
    "window": 9
}