{
    "macroF": 0.6667876156574725,
    "recall": [
        0.7352941176470589,
        0.7368421052631579,
        0.9090909090909091
    ],
    "cm": [
        [
            75,
            5,
            22
        ],
        [
            1,
            14,
            4
        ],
        [
            1,
            0,
            10
        ]
    ],
    "window": 9
}