{
    "macroF": 0.8205825419598733,
    "recall": [
        0.9509803921568627,
        0.8947368421052632,
        0.5454545454545454
    ],
    "cm": [
        [
            97,
            5,
            0
        ],
        [
            2,
            17,
            0
        ],
        [
            4,
            1,
            6
        ]
    ],
    "window": 9
}