{
    "macroF": 0.7974730583426236,
    "recall": [
        0.9705882352941176,
        0.7894736842105263,
        0.5454545454545454
    ],
    "cm": [
        [
            99,
            3,
            0
        ],
        [
            3,
            15,
            1
        ],
        [
            3,
            2,
            6
        ]
    ],
    "window": 9
}