{
    "macroF": 0.826738654383448,
    "recall": [
        0.9705882352941176,
        0.9473684210526315,
        0.5454545454545454
    ],
    "cm": [
        [
            99,
            2,
            1
        ],
        [
            0,
            18,
            1
        ],
        [
            3,
            2,
            6
        ]
    ],
    "window": 9
}