{
    "macroF": 0.8167087542087542,
    "recall": [
        0.8932038834951457,
        0.8333333333333334,
        0.9166666666666666
    ],
    "cm": [
        [
            92,
            3,
            8
        ],
        [
            2,
            15,
            1
        ],
        [
            1,
            0,
            11
        ]
    ],
    "window": 9
}