{
    "macroF": 0.7362092231076467,
    "recall": [
        0.9803921568627451,
        0.5263157894736842,
        0.7272727272727273
    ],
    "cm": [
        [
            100,
            0,
            2
        ],
        [
            3,
            10,
            6
        ],
        [
            1,
            2,
            8
        ]
    ],
    "window": 9
}