{
    "macroF": 0.7270175438596492,
    "recall": [
        0.9411764705882353,
        0.9473684210526315,
        0.36363636363636365
    ],
    "cm": [
        [
            96,
            2,
            4
        ],
        [
            1,
            18,
            0
        ],
        [
            1,
            6,
            4
        ]
    ],
    "window": 9
}