{
    "macroF": 0.819762387713706,
    "recall": [
        0.9223300970873787,
        0.7222222222222222,
        0.9166666666666666
    ],
    "cm": [
        [
            95,
            3,
            5
        ],
        [
            4,
            13,
            1
        ],
        [
            1,
            0,
            11
        ]
    ],
    "window": 9
}