{
    "macroF": 0.8321303258145364,
    "recall": [
        0.912621359223301,
        0.8888888888888888,
        0.8333333333333334
    ],
    "cm": [
        [
            94,
            4,
            5
        ],
        [
            1,
            16,
            1
        ],
        [
            2,
            0,
            10
        ]
    ],
    "window": 9
}