{
    "macroF": 0.8624247400109469,
    "recall": [
        0.9705882352941176,
        0.8947368421052632,
        0.7272727272727273
    ],
    "cm": [
        [
            99,
            2,
            1
        ],
        [
            1,
            17,
            1
        ],
        [
            1,
            2,
            8
        ]
    ],
    "window": 9
}