{
    "macroF": 0.8391534391534391,
    "recall": [
        0.9901960784313726,
        0.8421052631578947,
        0.5454545454545454
    ],
    "cm": [
        [
            101,
            1,
            0
        ],
        [
            2,
            16,
            1
        ],
        [
            5,
            0,
            6
        ]
    ],
    "window": 9
}