{
    "macroF": 0.7988052017902764,
    "recall": [
        0.9029126213592233,
        0.7777777777777778,
        0.8333333333333334
    ],
    "cm": [
        [
            93,
            5,
            5
        ],
        [
            3,
            14,
            1
        ],
        [
            2,
            0,
            10
        ]
    ],
    "window": 9
}