{
    "macroF": 0.8070175438596493,
    "recall": [
        0.9901960784313726,
        0.631578947368421,
        0.7272727272727273
    ],
    "cm": [
        [
            101,
            0,
            1
        ],
        [
            5,
            12,
            2
        ],
        [
            1,
            2,
            8
        ]
    ],
    "window": 9
}