{
    "macroF": 0.7621052631578947,
    "recall": [
        0.9411764705882353,
        0.9473684210526315,
        0.45454545454545453
    ],
    "cm": [
        [
            96,
            3,
            3
        ],
        [
            1,
            18,
            0
        ],
        [
            1,
            5,
            5
        ]
    ],
    "window": 9
}