{
    "macroF": 0.843028142480364,
    "recall": [
        1.0,
        0.5789473684210527,
        0.8181818181818182
    ],
    "cm": [
        [
            102,
            0,
            0
        ],
        [
            7,
            11,
            1
        ],
        [
            1,
            1,
            9
        ]
    ],
    "window": 9
}