{
    "macroF": 0.7659552499251413,
    "recall": [
        0.9705882352941176,
        0.8421052631578947,
        0.36363636363636365
    ],
    "cm": [
        [
            99,
            1,
            2
        ],
        [
            3,
            16,
            0
        ],
        [
            7,
            0,
            4
        ]
    ],
    "window": 9
}