{
    "macroF": 0.8038379530916844,
    "recall": [
        0.912621359223301,
        0.7222222222222222,
        0.9166666666666666
    ],
    "cm": [
        [
            94,
            4,
            5
        ],
        [
            3,
            13,
            2
        ],
        [
            1,
            0,
            11
        ]
    ],
    "window": 9
}