{
    "macroF": 0.8363499245852187,
    "recall": [
        0.9705882352941176,
        0.8947368421052632,
        0.6363636363636364
    ],
    "cm": [
        [
            99,
            1,
            2
        ],
        [
            1,
            17,
            1
        ],
        [
            2,
            2,
            7
        ]
    ],
    "window": 9
}