{
    "macroF": 0.7765126435397899,
    "recall": [
        0.9117647058823529,
        1.0,
        0.5454545454545454
    ],
    "cm": [
        [
            93,
            3,
            6
        ],
        [
            0,
            19,
            0
        ],
        [
            2,
            3,
            6
        ]
    ],
    "window": 9
}