{
    "macroF": 0.7916191188236992,
    "recall": [
        0.9215686274509803,
        0.9473684210526315,
        0.6363636363636364
    ],
    "cm": [
        [
            94,
            2,
            6
        ],
        [
            1,
            18,
            0
        ],
        [
            0,
            4,
            7
        ]
    ],
    "window": 9
}