{
    "macroF": 0.8622353445882859,
    "recall": [
        0.9901960784313726,
        0.8947368421052632,
        0.5454545454545454
    ],
    "cm": [
        [
            101,
            1,
            0
        ],
        [
            2,
            17,
            0
        ],
        [
            5,
            0,
            6
        ]
    ],
    "window": 9
}