{
    "macroF": 0.7716906399833228,
    "recall": [
        0.9607843137254902,
        0.5789473684210527,
        0.8181818181818182
    ],
    "cm": [
        [
            98,
            2,
            2
        ],
        [
            4,
            11,
            4
        ],
        [
            1,
            1,
            9
        ]
    ],
    "window": 9
}