{
    "macroF": 0.7406900744794042,
    "recall": [
        0.9607843137254902,
        0.8947368421052632,
        0.36363636363636365
    ],
    "cm": [
        [
            98,
            2,
            2
        ],
        [
            2,
            17,
            0
        ],
        [
            2,
            5,
            4
        ]
    ],
    "window": 9
}