{
    "macroF": 0.7227272727272727,
    "recall": [
        0.9313725490196079,
        0.9473684210526315,
        0.36363636363636365
    ],
    "cm": [
        [
            95,
            2,
            5
        ],
        [
            1,
            18,
            0
        ],
        [
            2,
            5,
            4
        ]
    ],
    "window": 9
}