{
    "macroF": 0.8082581180620396,
    "recall": [
        0.9320388349514563,
        0.7222222222222222,
        0.8333333333333334
    ],
    "cm": [
        [
            96,
            4,
            3
        ],
        [
            3,
            13,
            2
        ],
        [
            2,
            0,
            10
        ]
    ],
    "window": 9
}