{
    "macroF": 0.7528367226643088,
    "recall": [
        0.9901960784313726,
        0.47368421052631576,
        0.8181818181818182
    ],
    "cm": [
        [
            101,
            0,
            1
        ],
        [
            4,
            9,
            6
        ],
        [
            1,
            1,
            9
        ]
    ],
    "window": 9
}