{
    "macroF": 0.8506975875396928,
    "recall": [
        0.9901960784313726,
        0.8947368421052632,
        0.5454545454545454
    ],
    "cm": [
        [
            101,
            0,
            1
        ],
        [
            2,
            17,
            0
        ],
        [
            4,
            1,
            6
        ]
    ],
    "window": 9
}