{
    "macroF": 0.815281803542673,
    "recall": [
        0.9901960784313726,
        0.631578947368421,
        0.8181818181818182
    ],
    "cm": [
        [
            101,
            0,
            1
        ],
        [
            3,
            12,
            4
        ],
        [
            1,
            1,
            9
        ]
    ],
    "window": 9
}