{
    "macroF": 0.7685382082590205,
    "recall": [
        0.883495145631068,
        0.7777777777777778,
        0.8333333333333334
    ],
    "cm": [
        [
            91,
            4,
            8
        ],
        [
            2,
            14,
            2
        ],
        [
            1,
            1,
            10
        ]
    ],
    "window": 9
}