{
    "macroF": 0.797718927458264,
    "recall": [
        0.9901960784313726,
        0.7894736842105263,
        0.45454545454545453
    ],
    "cm": [
        [
            101,
            1,
            0
        ],
        [
            4,
            15,
            0
        ],
        [
            4,
            2,
            5
        ]
    ],
    "window": 9
}