{
    "macroF": 0.8100453872508337,
    "recall": [
        0.9029126213592233,
        0.7777777777777778,
        0.9166666666666666
    ],
    "cm": [
        [
            93,
            6,
            4
        ],
        [
            2,
            14,
            2
        ],
        [
            1,
            0,
            11
        ]
    ],
    "window": 9
}