{
    "macroF": 0.8369145211562273,
    "recall": [
        1.0,
        0.8947368421052632,
        0.45454545454545453
    ],
    "cm": [
        [
            102,
            0,
            0
        ],
        [
            2,
            17,
            0
        ],
        [
            5,
            1,
            5
        ]
    ],
    "window": 9
}