{
    "macroF": 0.839101858903839,
    "recall": [
        0.9607843137254902,
        0.7368421052631579,
        0.9090909090909091
    ],
    "cm": [
        [
            98,
            3,
            1
        ],
        [
            1,
            14,
            4
        ],
        [
            1,
            0,
            10
        ]
    ],
    "window": 9
}