{
    "macroF": 0.8717291124023241,
    "recall": [
        1.0,
        0.631578947368421,
        0.9090909090909091
    ],
    "cm": [
        [
            102,
            0,
            0
        ],
        [
            5,
            12,
            2
        ],
        [
            1,
            0,
            10
        ]
    ],
    "window": 9
}