{
    "macroF": 0.8503169081058527,
    "recall": [
        0.912621359223301,
        0.8888888888888888,
        0.9166666666666666
    ],
    "cm": [
        [
            94,
            5,
            4
        ],
        [
            1,
            16,
            1
        ],
        [
            1,
            0,
            11
        ]
    ],
    "window": 9
}