{
    "macroF": 0.8907359863072314,
    "recall": [
        0.9901960784313726,
        1.0,
        0.6363636363636364
    ],
    "cm": [
        [
            101,
            0,
            1
        ],
        [
            0,
            19,
            0
        ],
        [
            2,
            2,
            7
        ]
    ],
    "window": 9
}