{
    "macroF": 0.865409947762889,
    "recall": [
        1.0,
        0.8947368421052632,
        0.5454545454545454
    ],
    "cm": [
        [
            102,
            0,
            0
        ],
        [
            2,
            17,
            0
        ],
        [
            4,
            1,
            6
        ]
    ],
    "window": 9
}