{
    "macroF": 0.8197761588005491,
    "recall": [
        0.941747572815534,
        0.6666666666666666,
        0.9166666666666666
    ],
    "cm": [
        [
            97,
            3,
            3
        ],
        [
            4,
            12,
            2
        ],
        [
            1,
            0,
            11
        ]
    ],
    "window": 9
}