{
    "macroF": 0.7522588522588523,
    "recall": [
        0.9803921568627451,
        0.5789473684210527,
        0.6363636363636364
    ],
    "cm": [
        [
            100,
            2,
            0
        ],
        [
            5,
            11,
            3
        ],
        [
            1,
            3,
            7
        ]
    ],
    "window": 9
}