{
    "macroF": 0.8294043690083295,
    "recall": [
        0.9223300970873787,
        0.8333333333333334,
        0.8333333333333334
    ],
    "cm": [
        [
            95,
            3,
            5
        ],
        [
            2,
            15,
            1
        ],
        [
            2,
            0,
            10
        ]
    ],
    "window": 9
}