{
    "macroF": 0.8362753940643387,
    "recall": [
        0.9215686274509803,
        0.8947368421052632,
        0.8181818181818182
    ],
    "cm": [
        [
            94,
            2,
            6
        ],
        [
            2,
            17,
            0
        ],
        [
            1,
            1,
            9
        ]
    ],
    "window": 9
}