{
    "macroF": 0.881188673955705,
    "recall": [
        0.9607843137254902,
        0.9473684210526315,
        0.7272727272727273
    ],
    "cm": [
        [
            98,
            3,
            1
        ],
        [
            1,
            18,
            0
        ],
        [
            2,
            1,
            8
        ]
    ],
    "window": 9
}