{
    "macroF": 0.8272240330912487,
    "recall": [
        0.9223300970873787,
        0.7777777777777778,
        0.9166666666666666
    ],
    "cm": [
        [
            95,
            4,
            4
        ],
        [
            2,
            14,
            2
        ],
        [
            1,
            0,
            11
        ]
    ],
    "window": 9
}