{
    "macroF": 0.8072114221182544,
    "recall": [
        0.9215686274509803,
        1.0,
        0.6363636363636364
    ],
    "cm": [
        [
            94,
            4,
            4
        ],
        [
            0,
            19,
            0
        ],
        [
            0,
            4,
            7
        ]
    ],
    "window": 9
}