{
    "macroF": 0.8336601307189543,
    "recall": [
        0.9509803921568627,
        0.8947368421052632,
        0.6363636363636364
    ],
    "cm": [
        [
            97,
            3,
            2
        ],
        [
            2,
            17,
            0
        ],
        [
            3,
            1,
            7
        ]
    ],
    "window": 9
}