{
    "macroF": 0.8247947454844007,
    "recall": [
        0.9320388349514563,
        0.7222222222222222,
        0.9166666666666666
    ],
    "cm": [
        [
            96,
            4,
            3
        ],
        [
            3,
            13,
            2
        ],
        [
            1,
            0,
            11
        ]
    ],
    "window": 9
}