{
    "macroF": 0.8031277010593177,
    "recall": [
        0.9803921568627451,
        0.6842105263157895,
        0.7272727272727273
    ],
    "cm": [
        [
            100,
            1,
            1
        ],
        [
            3,
            13,
            3
        ],
        [
            1,
            2,
            8
        ]
    ],
    "window": 9
}