{
    "macroF": 0.7792255027813436,
    "recall": [
        0.9607843137254902,
        0.7894736842105263,
        0.5454545454545454
    ],
    "cm": [
        [
            98,
            2,
            2
        ],
        [
            4,
            15,
            0
        ],
        [
            1,
            4,
            6
        ]
    ],
    "window": 9
}