{
    "macroF": 0.9255068816044426,
    "recall": [
        0.9901960784313726,
        0.9473684210526315,
        0.8181818181818182
    ],
    "cm": [
        [
            101,
            0,
            1
        ],
        [
            0,
            18,
            1
        ],
        [
            2,
            0,
            9
        ]
    ],
    "window": 9
}