{
    "macroF": 0.9259208224725466,
    "recall": [
        0.9803921568627451,
        1.0,
        0.8181818181818182
    ],
    "cm": [
        [
            100,
            0,
            2
        ],
        [
            0,
            19,
            0
        ],
        [
            1,
            1,
            9
        ]
    ],
    "window": 9
}