{
    "macroF": 0.8263305322128852,
    "recall": [
        0.9320388349514563,
        0.7777777777777778,
        0.8333333333333334
    ],
    "cm": [
        [
            96,
            2,
            5
        ],
        [
            3,
            14,
            1
        ],
        [
            2,
            0,
            10
        ]
    ],
    "window": 9
}