{
    "macroF": 0.7867076562728736,
    "recall": [
        0.9803921568627451,
        0.631578947368421,
        0.7272727272727273
    ],
    "cm": [
        [
            100,
            1,
            1
        ],
        [
            3,
            12,
            4
        ],
        [
            2,
            1,
            8
        ]
    ],
    "window": 9
}