{
    "macroF": 0.7534549474847981,
    "recall": [
        0.9352941176470588,
        0.7096774193548387,
        0.6842105263157895
    ],
    "cm": [
        [
            159,
            4,
            7
        ],
        [
            3,
            22,
            6
        ],
        [
            3,
            3,
            13
        ]
    ],
    "window": 9
}