{
    "macroF": 0.8159165455790786,
    "recall": [
        0.9647058823529412,
        0.7419354838709677,
        0.7894736842105263
    ],
    "cm": [
        [
            164,
            3,
            3
        ],
        [
            2,
            23,
            6
        ],
        [
            2,
            2,
            15
        ]
    ],
    "window": 9
}