{
    "macroF": 0.7442918795887513,
    "recall": [
        0.8941176470588236,
        0.875,
        0.6111111111111112
    ],
    "cm": [
        [
            152,
            6,
            12
        ],
        [
            2,
            28,
            2
        ],
        [
            2,
            5,
            11
        ]
    ],
    "window": 9
}