{
    "macroF": 0.7856336755238734,
    "recall": [
        0.9470588235294117,
        0.7096774193548387,
        0.7368421052631579
    ],
    "cm": [
        [
            161,
            5,
            4
        ],
        [
            5,
            22,
            4
        ],
        [
            2,
            3,
            14
        ]
    ],
    "window": 9
}