{
    "macroF": 0.8049644758102842,
    "recall": [
        0.9352941176470588,
        0.84375,
        0.7222222222222222
    ],
    "cm": [
        [
            159,
            2,
            9
        ],
        [
            3,
            27,
            2
        ],
        [
            2,
            3,
            13
        ]
    ],
    "window": 9
}