{
    "macroF": 0.7904817929109428,
    "recall": [
        0.9529411764705882,
        0.6451612903225806,
        0.8421052631578947
    ],
    "cm": [
        [
            162,
            5,
            3
        ],
        [
            4,
            20,
            7
        ],
        [
            2,
            1,
            16
        ]
    ],
    "window": 9
}