{
    "macroF": 0.7805189343164761,
    "recall": [
        0.9298245614035088,
        0.7096774193548387,
        0.7894736842105263
    ],
    "cm": [
        [
            159,
            5,
            7
        ],
        [
            4,
            22,
            5
        ],
        [
            3,
            1,
            15
        ]
    ],
    "window": 9
}