{
    "macroF": 0.8062899183442478,
    "recall": [
        0.9705882352941176,
        0.6774193548387096,
        0.7894736842105263
    ],
    "cm": [
        [
            165,
            3,
            2
        ],
        [
            4,
            21,
            6
        ],
        [
            2,
            2,
            15
        ]
    ],
    "window": 9
}