{
    "macroF": 0.834658187599364,
    "recall": [
        0.9352941176470588,
        0.9375,
        0.7222222222222222
    ],
    "cm": [
        [
            159,
            4,
            7
        ],
        [
            1,
            30,
            1
        ],
        [
            3,
            2,
            13
        ]
    ],
    "window": 9
}