{
    "macroF": 0.8407946165934641,
    "recall": [
        0.9411764705882353,
        0.90625,
        0.7777777777777778
    ],
    "cm": [
        [
            160,
            6,
            4
        ],
        [
            0,
            29,
            3
        ],
        [
            2,
            2,
            14
        ]
    ],
    "window": 9
}