{
    "macroF": 0.7730751535886493,
    "recall": [
        0.9532163742690059,
        0.7741935483870968,
        0.5789473684210527
    ],
    "cm": [
        [
            163,
            4,
            4
        ],
        [
            4,
            24,
            3
        ],
        [
            5,
            3,
            11
        ]
    ],
    "window": 9
}