{
    "macroF": 0.8125845945613387,
    "recall": [
        0.9298245614035088,
        0.8064516129032258,
        0.7894736842105263
    ],
    "cm": [
        [
            159,
            6,
            6
        ],
        [
            3,
            25,
            3
        ],
        [
            3,
            1,
            15
        ]
    ],
    "window": 9
}