{
    "macroF": 0.809019129019129,
    "recall": [
        0.9058823529411765,
        0.9375,
        0.7777777777777778
    ],
    "cm": [
        [
            154,
            5,
            11
        ],
        [
            0,
            30,
            2
        ],
        [
            1,
            3,
            14
        ]
    ],
    "window": 9
}