{
    "macroF": 0.7789970231730369,
    "recall": [
        0.9532163742690059,
        0.8064516129032258,
        0.5789473684210527
    ],
    "cm": [
        [
            163,
            3,
            5
        ],
        [
            2,
            25,
            4
        ],
        [
            6,
            2,
            11
        ]
    ],
    "window": 9
}