{
    "macroF": 0.7769615609905992,
    "recall": [
        0.9532163742690059,
        0.7096774193548387,
        0.6842105263157895
    ],
    "cm": [
        [
            163,
            3,
            5
        ],
        [
            4,
            22,
            5
        ],
        [
            4,
            2,
            13
        ]
    ],
    "window": 9
}