{
    "macroF": 0.8002831419187375,
    "recall": [
        0.9058823529411765,
        0.9375,
        0.7222222222222222
    ],
    "cm": [
        [
            154,
            7,
            9
        ],
        [
            1,
            30,
            1
        ],
        [
            1,
            4,
            13
        ]
    ],
    "window": 9
}