{
    "macroF": 0.7884618682581331,
    "recall": [
        0.9647058823529412,
        0.6774193548387096,
        0.7368421052631579
    ],
    "cm": [
        [
            164,
            2,
            4
        ],
        [
            5,
            21,
            5
        ],
        [
            2,
            3,
            14
        ]
    ],
    "window": 9
}