{
    "macroF": 0.8193463553265041,
    "recall": [
        0.9415204678362573,
        0.8387096774193549,
        0.7368421052631579
    ],
    "cm": [
        [
            161,
            4,
            6
        ],
        [
            2,
            26,
            3
        ],
        [
            4,
            1,
            14
        ]
    ],
    "window": 9
}