{
    "macroF": 0.7850241545893719,
    "recall": [
        0.9803921568627451,
        0.6842105263157895,
        0.6363636363636364
    ],
    "cm": [
        [
            100,
            1,
            1
        ],
        [
            4,
            13,
            2
        ],
        [
            1,
            3,
            7
        ]
    ],
    "window": 9
}