{
    "macroF": 0.8159879336349923,
    "recall": [
        0.9607843137254902,
        0.8421052631578947,
        0.6363636363636364
    ],
    "cm": [
        [
            98,
            3,
            1
        ],
        [
            1,
            16,
            2
        ],
        [
            3,
            1,
            7
        ]
    ],
    "window": 9
}