{
    "macroF": 0.7963811968946756,
    "recall": [
        0.9803921568627451,
        0.8421052631578947,
        0.5454545454545454
    ],
    "cm": [
        [
            100,
            0,
            2
        ],
        [
            1,
            16,
            2
        ],
        [
            2,
            3,
            6
        ]
    ],
    "window": 9
}