{
    "macroF": 0.710730992904776,
    "recall": [
        0.8737864077669902,
        0.6111111111111112,
        0.8333333333333334
    ],
    "cm": [
        [
            90,
            5,
            8
        ],
        [
            2,
            11,
            5
        ],
        [
            2,
            0,
            10
        ]
    ],
    "window": 9
}