{
    "macroF": 0.7646974710953139,
    "recall": [
        0.9411764705882353,
        0.8947368421052632,
        0.5454545454545454
    ],
    "cm": [
        [
            96,
            1,
            5
        ],
        [
            0,
            17,
            2
        ],
        [
            1,
            4,
            6
        ]
    ],
    "window": 9
}