{
    "macroF": 0.7917688208950344,
    "recall": [
        0.9705882352941176,
        0.7368421052631579,
        0.6363636363636364
    ],
    "cm": [
        [
            99,
            1,
            2
        ],
        [
            3,
            14,
            2
        ],
        [
            2,
            2,
            7
        ]
    ],
    "window": 9
}