{
    "macroF": 0.7028789614356624,
    "recall": [
        0.8725490196078431,
        0.8421052631578947,
        0.5454545454545454
    ],
    "cm": [
        [
            89,
            6,
            7
        ],
        [
            2,
            16,
            1
        ],
        [
            1,
            4,
            6
        ]
    ],
    "window": 9
}