{
    "macroF": 0.8719021248183495,
    "recall": [
        0.9803921568627451,
        0.8947368421052632,
        0.7272727272727273
    ],
    "cm": [
        [
            100,
            0,
            2
        ],
        [
            0,
            17,
            2
        ],
        [
            3,
            0,
            8
        ]
    ],
    "window": 9
}