{
    "macroF": 0.7542016806722689,
    "recall": [
        0.9411764705882353,
        0.631578947368421,
        0.7272727272727273
    ],
    "cm": [
        [
            96,
            1,
            5
        ],
        [
            3,
            12,
            4
        ],
        [
            3,
            0,
            8
        ]
    ],
    "window": 9
}