{
    "macroF": 0.7671422339961486,
    "recall": [
        0.8640776699029126,
        0.7777777777777778,
        0.9166666666666666
    ],
    "cm": [
        [
            89,
            6,
            8
        ],
        [
            1,
            14,
            3
        ],
        [
            1,
            0,
            11
        ]
    ],
    "window": 9
}