{
    "macroF": 0.7824249976168104,
    "recall": [
        0.9117647058823529,
        0.8947368421052632,
        0.6363636363636364
    ],
    "cm": [
        [
            93,
            4,
            5
        ],
        [
            1,
            17,
            1
        ],
        [
            3,
            1,
            7
        ]
    ],
    "window": 9
}