{
    "macroF": 0.8145670754366406,
    "recall": [
        0.9705882352941176,
        0.8421052631578947,
        0.5454545454545454
    ],
    "cm": [
        [
            99,
            2,
            1
        ],
        [
            3,
            16,
            0
        ],
        [
            3,
            2,
            6
        ]
    ],
    "window": 9
}