{
    "macroF": 0.7161718368614921,
    "recall": [
        0.9411764705882353,
        0.6842105263157895,
        0.5454545454545454
    ],
    "cm": [
        [
            96,
            2,
            4
        ],
        [
            3,
            13,
            3
        ],
        [
            2,
            3,
            6
        ]
    ],
    "window": 9
}