{
    "macroF": 0.8103494799146973,
    "recall": [
        0.9803921568627451,
        0.8421052631578947,
        0.5454545454545454
    ],
    "cm": [
        [
            100,
            0,
            2
        ],
        [
            2,
            16,
            1
        ],
        [
            3,
            2,
            6
        ]
    ],
    "window": 9
}