{
    "macroF": 0.7493286384111006,
    "recall": [
        0.9117647058823529,
        0.8421052631578947,
        0.6363636363636364
    ],
    "cm": [
        [
            93,
            2,
            7
        ],
        [
            1,
            16,
            2
        ],
        [
            0,
            4,
            7
        ]
    ],
    "window": 9
}