{
    "macroF": 0.8206349206349207,
    "recall": [
        0.9901960784313726,
        0.7894736842105263,
        0.5454545454545454
    ],
    "cm": [
        [
            101,
            0,
            1
        ],
        [
            4,
            15,
            0
        ],
        [
            3,
            2,
            6
        ]
    ],
    "window": 9
}