{
    "macroF": 0.7382610887765527,
    "recall": [
        0.8349514563106796,
        0.7777777777777778,
        0.8333333333333334
    ],
    "cm": [
        [
            86,
            5,
            12
        ],
        [
            3,
            14,
            1
        ],
        [
            2,
            0,
            10
        ]
    ],
    "window": 9
}