{
    "macroF": 0.72093776106934,
    "recall": [
        0.8529411764705882,
        0.8947368421052632,
        0.6363636363636364
    ],
    "cm": [
        [
            87,
            3,
            12
        ],
        [
            0,
            17,
            2
        ],
        [
            1,
            3,
            7
        ]
    ],
    "window": 9
}