{
    "macroF": 0.7950050668497269,
    "recall": [
        0.9803921568627451,
        0.7368421052631579,
        0.6363636363636364
    ],
    "cm": [
        [
            100,
            0,
            2
        ],
        [
            3,
            14,
            2
        ],
        [
            1,
            3,
            7
        ]
    ],
    "window": 9
}