{
    "macroF": 0.7766975308641975,
    "recall": [
        0.8823529411764706,
        0.9473684210526315,
        0.7272727272727273
    ],
    "cm": [
        [
            90,
            5,
            7
        ],
        [
            0,
            18,
            1
        ],
        [
            0,
            3,
            8
        ]
    ],
    "window": 9
}