{
    "macroF": 0.7443609022556391,
    "recall": [
        0.9705882352941176,
        0.631578947368421,
        0.5454545454545454
    ],
    "cm": [
        [
            99,
            2,
            1
        ],
        [
            5,
            12,
            2
        ],
        [
            3,
            2,
            6
        ]
    ],
    "window": 9
}