{
    "macroF": 0.7553962980541055,
    "recall": [
        0.9117647058823529,
        0.9473684210526315,
        0.5454545454545454
    ],
    "cm": [
        [
            93,
            2,
            7
        ],
        [
            0,
            18,
            1
        ],
        [
            1,
            4,
            6
        ]
    ],
    "window": 9
}