{
    "macroF": 0.7166237948846644,
    "recall": [
        0.9901960784313726,
        0.5789473684210527,
        0.5454545454545454
    ],
    "cm": [
        [
            101,
            1,
            0
        ],
        [
            3,
            11,
            5
        ],
        [
            1,
            4,
            6
        ]
    ],
    "window": 9
}