{
    "macroF": 0.7506964740467278,
    "recall": [
        0.8737864077669902,
        0.6666666666666666,
        0.9166666666666666
    ],
    "cm": [
        [
            90,
            3,
            10
        ],
        [
            3,
            12,
            3
        ],
        [
            1,
            0,
            11
        ]
    ],
    "window": 9
}