{
    "macroF": 0.6873782548201154,
    "recall": [
        0.8921568627450981,
        0.8421052631578947,
        0.45454545454545453
    ],
    "cm": [
        [
            91,
            3,
            8
        ],
        [
            1,
            16,
            2
        ],
        [
            1,
            5,
            5
        ]
    ],
    "window": 9
}