{
    "macroF": 0.7127121900991248,
    "recall": [
        0.9117647058823529,
        0.8421052631578947,
        0.45454545454545453
    ],
    "cm": [
        [
            93,
            6,
            3
        ],
        [
            1,
            16,
            2
        ],
        [
            3,
            3,
            5
        ]
    ],
    "window": 9
}