{
    "macroF": 0.7984749455337691,
    "recall": [
        0.9509803921568627,
        0.7368421052631579,
        0.7272727272727273
    ],
    "cm": [
        [
            97,
            2,
            3
        ],
        [
            3,
            14,
            2
        ],
        [
            2,
            1,
            8
        ]
    ],
    "window": 9
}