{
    "macroF": 0.770578660112987,
    "recall": [
        0.8737864077669902,
        0.7777777777777778,
        0.9166666666666666
    ],
    "cm": [
        [
            90,
            6,
            7
        ],
        [
            0,
            14,
            4
        ],
        [
            1,
            0,
            11
        ]
    ],
    "window": 9
}