{
    "macroF": 0.7258434370944205,
    "recall": [
        0.7961165048543689,
        0.8333333333333334,
        0.9166666666666666
    ],
    "cm": [
        [
            82,
            8,
            13
        ],
        [
            0,
            15,
            3
        ],
        [
            1,
            0,
            11
        ]
    ],
    "window": 9
}