{
    "macroF": 0.8202614379084968,
    "recall": [
        0.9607843137254902,
        0.8421052631578947,
        0.6363636363636364
    ],
    "cm": [
        [
            98,
            3,
            1
        ],
        [
            2,
            16,
            1
        ],
        [
            2,
            2,
            7
        ]
    ],
    "window": 9
}