{
    "macroF": 0.7483350201796805,
    "recall": [
        0.9803921568627451,
        0.6842105263157895,
        0.5454545454545454
    ],
    "cm": [
        [
            100,
            1,
            1
        ],
        [
            3,
            13,
            3
        ],
        [
            1,
            4,
            6
        ]
    ],
    "window": 9
}