{
    "macroF": 0.755458089668616,
    "recall": [
        0.8349514563106796,
        0.8333333333333334,
        0.9166666666666666
    ],
    "cm": [
        [
            86,
            7,
            10
        ],
        [
            0,
            15,
            3
        ],
        [
            1,
            0,
            11
        ]
    ],
    "window": 9
}