{
    "macroF": 0.79880851862276,
    "recall": [
        0.9705882352941176,
        0.7894736842105263,
        0.6363636363636364
    ],
    "cm": [
        [
            99,
            2,
            1
        ],
        [
            1,
            15,
            3
        ],
        [
            2,
            2,
            7
        ]
    ],
    "window": 9
}