{
    "macroF": 0.8076551847630028,
    "recall": [
        0.9803921568627451,
        0.8421052631578947,
        0.5454545454545454
    ],
    "cm": [
        [
            100,
            1,
            1
        ],
        [
            2,
            16,
            1
        ],
        [
            2,
            3,
            6
        ]
    ],
    "window": 9
}