{
    "macroF": 0.7874634502923977,
    "recall": [
        0.8446601941747572,
        0.8333333333333334,
        1.0
    ],
    "cm": [
        [
            87,
            5,
            11
        ],
        [
            2,
            15,
            1
        ],
        [
            0,
            0,
            12
        ]
    ],
    "window": 9
}