{
    "macroF": 0.79547064305685,
    "recall": [
        0.912621359223301,
        0.7777777777777778,
        0.8333333333333334
    ],
    "cm": [
        [
            94,
            4,
            5
        ],
        [
            2,
            14,
            2
        ],
        [
            1,
            1,
            10
        ]
    ],
    "window": 9
}