{
    "macroF": 0.7868439230703976,
    "recall": [
        0.9411764705882353,
        1.0,
        0.45454545454545453
    ],
    "cm": [
        [
            96,
            3,
            3
        ],
        [
            0,
            19,
            0
        ],
        [
            4,
            2,
            5
        ]
    ],
    "window": 9
}