{
    "macroF": 0.8313792611610326,
    "recall": [
        0.9901960784313726,
        0.8421052631578947,
        0.6363636363636364
    ],
    "cm": [
        [
            101,
            0,
            1
        ],
        [
            1,
            16,
            2
        ],
        [
            1,
            3,
            7
        ]
    ],
    "window": 9
}