{
    "macroF": 0.7835068237445357,
    "recall": [
        0.9019607843137255,
        0.9473684210526315,
        0.6363636363636364
    ],
    "cm": [
        [
            92,
            2,
            8
        ],
        [
            1,
            18,
            0
        ],
        [
            2,
            2,
            7
        ]
    ],
    "window": 9
}