{
    "macroF": 0.7612674588284345,
    "recall": [
        0.9705882352941176,
        0.7368421052631579,
        0.5454545454545454
    ],
    "cm": [
        [
            99,
            2,
            1
        ],
        [
            3,
            14,
            2
        ],
        [
            1,
            4,
            6
        ]
    ],
    "window": 9
}