{
    "macroF": 0.8143315729522627,
    "recall": [
        0.9607843137254902,
        0.7894736842105263,
        0.7272727272727273
    ],
    "cm": [
        [
            98,
            2,
            2
        ],
        [
            1,
            15,
            3
        ],
        [
            2,
            1,
            8
        ]
    ],
    "window": 9
}