{
    "macroF": 0.8011938678605345,
    "recall": [
        0.9117647058823529,
        0.9473684210526315,
        0.7272727272727273
    ],
    "cm": [
        [
            93,
            2,
            7
        ],
        [
            0,
            18,
            1
        ],
        [
            0,
            3,
            8
        ]
    ],
    "window": 9
}