{
    "macroF": 0.7468306423530304,
    "recall": [
        0.9313725490196079,
        0.7368421052631579,
        0.6363636363636364
    ],
    "cm": [
        [
            95,
            1,
            6
        ],
        [
            3,
            14,
            2
        ],
        [
            1,
            3,
            7
        ]
    ],
    "window": 9
}