{
    "macroF": 0.7039672083150345,
    "recall": [
        0.9019607843137255,
        0.9473684210526315,
        0.36363636363636365
    ],
    "cm": [
        [
            92,
            6,
            4
        ],
        [
            0,
            18,
            1
        ],
        [
            4,
            3,
            4
        ]
    ],
    "window": 9
}