{
    "macroF": 0.7870945479641133,
    "recall": [
        0.9705882352941176,
        0.7894736842105263,
        0.5454545454545454
    ],
    "cm": [
        [
            99,
            1,
            2
        ],
        [
            2,
            15,
            2
        ],
        [
            4,
            1,
            6
        ]
    ],
    "window": 9
}