{
    "macroF": 0.8763557909188977,
    "recall": [
        0.9901960784313726,
        0.7368421052631579,
        0.9090909090909091
    ],
    "cm": [
        [
            101,
            0,
            1
        ],
        [
            2,
            14,
            3
        ],
        [
            1,
            0,
            10
        ]
    ],
    "window": 9
}