{
    "macroF": 0.8163145010435651,
    "recall": [
        0.9019607843137255,
        0.8421052631578947,
        0.9090909090909091
    ],
    "cm": [
        [
            92,
            3,
            7
        ],
        [
            2,
            16,
            1
        ],
        [
            0,
            1,
            10
        ]
    ],
    "window": 9
}