{
    "macroF": 0.8834034301586677,
    "recall": [
        1.0,
        0.9473684210526315,
        0.6363636363636364
    ],
    "cm": [
        [
            102,
            0,
            0
        ],
        [
            0,
            18,
            1
        ],
        [
            2,
            2,
            7
        ]
    ],
    "window": 9
}