{
    "macroF": 0.8686981295676949,
    "recall": [
        0.9705882352941176,
        0.8947368421052632,
        0.6363636363636364
    ],
    "cm": [
        [
            99,
            3,
            0
        ],
        [
            2,
            17,
            0
        ],
        [
            4,
            0,
            7
        ]
    ],
    "window": 9
}