{
    "macroF": 0.8391899288451014,
    "recall": [
        0.9509803921568627,
        0.8421052631578947,
        0.7272727272727273
    ],
    "cm": [
        [
            97,
            4,
            1
        ],
        [
            2,
            16,
            1
        ],
        [
            2,
            1,
            8
        ]
    ],
    "window": 9
}