{
    "macroF": 0.8596922085246957,
    "recall": [
        0.9215686274509803,
        1.0,
        0.8181818181818182
    ],
    "cm": [
        [
            94,
            3,
            5
        ],
        [
            0,
            19,
            0
        ],
        [
            1,
            1,
            9
        ]
    ],
    "window": 9
}