{
    "macroF": 0.7682244556113904,
    "recall": [
        0.9117647058823529,
        0.6842105263157895,
        0.8181818181818182
    ],
    "cm": [
        [
            93,
            7,
            2
        ],
        [
            3,
            13,
            3
        ],
        [
            1,
            1,
            9
        ]
    ],
    "window": 9
}