{
    "macroF": 0.8471264367816093,
    "recall": [
        0.941747572815534,
        0.7777777777777778,
        0.9166666666666666
    ],
    "cm": [
        [
            97,
            3,
            3
        ],
        [
            2,
            14,
            2
        ],
        [
            1,
            0,
            11
        ]
    ],
    "window": 9
}