{
    "macroF": 0.7816157308694622,
    "recall": [
        0.912621359223301,
        0.7222222222222222,
        0.8333333333333334
    ],
    "cm": [
        [
            94,
            4,
            5
        ],
        [
            2,
            13,
            3
        ],
        [
            2,
            0,
            10
        ]
    ],
    "window": 9
}