{
    "macroF": 0.7739238539238539,
    "recall": [
        0.9019607843137255,
        0.9473684210526315,
        0.6363636363636364
    ],
    "cm": [
        [
            92,
            3,
            7
        ],
        [
            1,
            18,
            0
        ],
        [
            0,
            4,
            7
        ]
    ],
    "window": 9
}