{
    "macroF": 0.8145021645021644,
    "recall": [
        0.9313725490196079,
        0.9473684210526315,
        0.6363636363636364
    ],
    "cm": [
        [
            95,
            3,
            4
        ],
        [
            1,
            18,
            0
        ],
        [
            2,
            2,
            7
        ]
    ],
    "window": 9
}