{
    "macroF": 0.8442173265702678,
    "recall": [
        0.9901960784313726,
        0.8421052631578947,
        0.5454545454545454
    ],
    "cm": [
        [
            101,
            1,
            0
        ],
        [
            3,
            16,
            0
        ],
        [
            4,
            1,
            6
        ]
    ],
    "window": 9
}