{
    "macroF": 0.7497153879063427,
    "recall": [
        0.9313725490196079,
        0.9473684210526315,
        0.45454545454545453
    ],
    "cm": [
        [
            95,
            2,
            5
        ],
        [
            1,
            18,
            0
        ],
        [
            1,
            5,
            5
        ]
    ],
    "window": 9
}