{
    "macroF": 0.8804631997726627,
    "recall": [
        1.0,
        1.0,
        0.5454545454545454
    ],
    "cm": [
        [
            102,
            0,
            0
        ],
        [
            0,
            19,
            0
        ],
        [
            3,
            2,
            6
        ]
    ],
    "window": 9
}