{
    "macroF": 0.8413730803974705,
    "recall": [
        0.941747572815534,
        0.7777777777777778,
        0.8333333333333334
    ],
    "cm": [
        [
            97,
            4,
            2
        ],
        [
            3,
            14,
            1
        ],
        [
            2,
            0,
            10
        ]
    ],
    "window": 9
}