{
    "macroF": 0.8144322540362143,
    "recall": [
        0.9313725490196079,
        0.6842105263157895,
        0.9090909090909091
    ],
    "cm": [
        [
            95,
            5,
            2
        ],
        [
            4,
            13,
            2
        ],
        [
            1,
            0,
            10
        ]
    ],
    "window": 9
}