{
    "macroF": 0.8667043740573153,
    "recall": [
        0.9901960784313726,
        0.9473684210526315,
        0.5454545454545454
    ],
    "cm": [
        [
            101,
            1,
            0
        ],
        [
            1,
            18,
            0
        ],
        [
            4,
            1,
            6
        ]
    ],
    "window": 9
}