{
    "macroF": 0.8982130122053099,
    "recall": [
        0.9901960784313726,
        0.9473684210526315,
        0.7272727272727273
    ],
    "cm": [
        [
            101,
            0,
            1
        ],
        [
            0,
            18,
            1
        ],
        [
            2,
            1,
            8
        ]
    ],
    "window": 9
}