{
    "macroF": 0.8069519365478593,
    "recall": [
        0.9411764705882353,
        0.8947368421052632,
        0.6363636363636364
    ],
    "cm": [
        [
            96,
            2,
            4
        ],
        [
            2,
            17,
            0
        ],
        [
            1,
            3,
            7
        ]
    ],
    "window": 9
}