{
    "macroF": 0.8152884342142653,
    "recall": [
        1.0,
        0.6842105263157895,
        0.7272727272727273
    ],
    "cm": [
        [
            102,
            0,
            0
        ],
        [
            2,
            13,
            4
        ],
        [
            1,
            2,
            8
        ]
    ],
    "window": 9
}