{
    "macroF": 0.8085238348396243,
    "recall": [
        0.9901960784313726,
        0.6842105263157895,
        0.6363636363636364
    ],
    "cm": [
        [
            101,
            1,
            0
        ],
        [
            5,
            13,
            1
        ],
        [
            1,
            3,
            7
        ]
    ],
    "window": 9
}