{
    "macroF": 0.8337511870845203,
    "recall": [
        0.912621359223301,
        0.8888888888888888,
        0.8333333333333334
    ],
    "cm": [
        [
            94,
            5,
            4
        ],
        [
            1,
            16,
            1
        ],
        [
            2,
            0,
            10
        ]
    ],
    "window": 9
}