{
    "macroF": 0.8058462989156059,
    "recall": [
        0.9509803921568627,
        0.9473684210526315,
        0.5454545454545454
    ],
    "cm": [
        [
            97,
            2,
            3
        ],
        [
            1,
            18,
            0
        ],
        [
            2,
            3,
            6
        ]
    ],
    "window": 9
}