{
    "macroF": 0.740497585426982,
    "recall": [
        0.9705882352941176,
        0.6842105263157895,
        0.5454545454545454
    ],
    "cm": [
        [
            99,
            2,
            1
        ],
        [
            3,
            13,
            3
        ],
        [
            1,
            4,
            6
        ]
    ],
    "window": 9
}