{
    "macroF": 0.8436307704600386,
    "recall": [
        0.9803921568627451,
        0.8947368421052632,
        0.6363636363636364
    ],
    "cm": [
        [
            100,
            0,
            2
        ],
        [
            0,
            17,
            2
        ],
        [
            3,
            1,
            7
        ]
    ],
    "window": 9
}