{
    "macroF": 0.816346569262794,
    "recall": [
        0.9803921568627451,
        0.7368421052631579,
        0.7272727272727273
    ],
    "cm": [
        [
            100,
            1,
            1
        ],
        [
            2,
            14,
            3
        ],
        [
            1,
            2,
            8
        ]
    ],
    "window": 9
}