{
    "macroF": 0.7672313989945984,
    "recall": [
        0.9117647058823529,
        0.7368421052631579,
        0.8181818181818182
    ],
    "cm": [
        [
            93,
            4,
            5
        ],
        [
            1,
            14,
            4
        ],
        [
            1,
            1,
            9
        ]
    ],
    "window": 9
}