{
    "macroF": 0.8298289012574727,
    "recall": [
        0.9215686274509803,
        1.0,
        0.7272727272727273
    ],
    "cm": [
        [
            94,
            3,
            5
        ],
        [
            0,
            19,
            0
        ],
        [
            0,
            3,
            8
        ]
    ],
    "window": 9
}