{
    "macroF": 0.8939732571446126,
    "recall": [
        0.9803921568627451,
        0.8947368421052632,
        0.8181818181818182
    ],
    "cm": [
        [
            100,
            1,
            1
        ],
        [
            0,
            17,
            2
        ],
        [
            2,
            0,
            9
        ]
    ],
    "window": 9
}