{
    "macroF": 0.8859875657580106,
    "recall": [
        0.9803921568627451,
        0.7894736842105263,
        0.9090909090909091
    ],
    "cm": [
        [
            100,
            0,
            2
        ],
        [
            2,
            15,
            2
        ],
        [
            1,
            0,
            10
        ]
    ],
    "window": 9
}