{
    "macroF": 0.8270117563595824,
    "recall": [
        0.9901960784313726,
        0.631578947368421,
        0.8181818181818182
    ],
    "cm": [
        [
            101,
            1,
            0
        ],
        [
            4,
            12,
            3
        ],
        [
            1,
            1,
            9
        ]
    ],
    "window": 9
}