{
    "macroF": 0.841776110068793,
    "recall": [
        0.9514563106796117,
        0.7777777777777778,
        0.8333333333333334
    ],
    "cm": [
        [
            98,
            3,
            2
        ],
        [
            2,
            14,
            2
        ],
        [
            2,
            0,
            10
        ]
    ],
    "window": 9
}