{
    "macroF": 0.8833229101521786,
    "recall": [
        0.9803921568627451,
        1.0,
        0.6363636363636364
    ],
    "cm": [
        [
            100,
            0,
            2
        ],
        [
            0,
            19,
            0
        ],
        [
            3,
            1,
            7
        ]
    ],
    "window": 9
}