{
    "macroF": 0.7757958219568598,
    "recall": [
        0.9215686274509803,
        0.9473684210526315,
        0.5454545454545454
    ],
    "cm": [
        [
            94,
            3,
            5
        ],
        [
            1,
            18,
            0
        ],
        [
            2,
            3,
            6
        ]
    ],
    "window": 9
}