{
    "macroF": 0.874392516183561,
    "recall": [
        0.9320388349514563,
        0.8333333333333334,
        1.0
    ],
    "cm": [
        [
            96,
            4,
            3
        ],
        [
            2,
            15,
            1
        ],
        [
            0,
            0,
            12
        ]
    ],
    "window": 9
}