{
    "macroF": 0.9010085600474617,
    "recall": [
        0.9803921568627451,
        0.8947368421052632,
        0.7272727272727273
    ],
    "cm": [
        [
            100,
            2,
            0
        ],
        [
            2,
            17,
            0
        ],
        [
            3,
            0,
            8
        ]
    ],
    "window": 9
}