{
    "macroF": 0.791281686804075,
    "recall": [
        0.9313725490196079,
        0.9473684210526315,
        0.5454545454545454
    ],
    "cm": [
        [
            95,
            3,
            4
        ],
        [
            1,
            18,
            0
        ],
        [
            3,
            2,
            6
        ]
    ],
    "window": 9
}