{
    "macroF": 0.8419514626411178,
    "recall": [
        0.9320388349514563,
        0.8333333333333334,
        0.8333333333333334
    ],
    "cm": [
        [
            96,
            4,
            3
        ],
        [
            2,
            15,
            1
        ],
        [
            2,
            0,
            10
        ]
    ],
    "window": 9
}