{
    "macroF": 0.8607123870281765,
    "recall": [
        1.0,
        0.6842105263157895,
        0.8181818181818182
    ],
    "cm": [
        [
            102,
            0,
            0
        ],
        [
            4,
            13,
            2
        ],
        [
            1,
            1,
            9
        ]
    ],
    "window": 9
}