{
    "macroF": 0.8736946922945901,
    "recall": [
        0.9705882352941176,
        0.9473684210526315,
        0.6363636363636364
    ],
    "cm": [
        [
            99,
            2,
            1
        ],
        [
            1,
            18,
            0
        ],
        [
            4,
            0,
            7
        ]
    ],
    "window": 13
}