{
    "macroF": 0.8399622939852825,
    "recall": [
        0.9320388349514563,
        0.8333333333333334,
        0.8333333333333334
    ],
    "cm": [
        [
            96,
            3,
            4
        ],
        [
            2,
            15,
            1
        ],
        [
            2,
            0,
            10
        ]
    ],
    "window": 13
}