{
    "macroF": 0.8379080661689358,
    "recall": [
        0.9901960784313726,
        0.6842105263157895,
        0.8181818181818182
    ],
    "cm": [
        [
            101,
            0,
            1
        ],
        [
            3,
            13,
            3
        ],
        [
            1,
            1,
            9
        ]
    ],
    "window": 13
}