{
    "macroF": 0.8919518187810871,
    "recall": [
        0.9803921568627451,
        0.9473684210526315,
        0.7272727272727273
    ],
    "cm": [
        [
            100,
            0,
            2
        ],
        [
            0,
            18,
            1
        ],
        [
            3,
            0,
            8
        ]
    ],
    "window": 13
}