{
    "macroF": 0.9162727945336643,
    "recall": [
        0.9901960784313726,
        0.9473684210526315,
        0.7272727272727273
    ],
    "cm": [
        [
            101,
            0,
            1
        ],
        [
            1,
            18,
            0
        ],
        [
            3,
            0,
            8
        ]
    ],
    "window": 13
}