{
    "macroF": 0.8669934640522875,
    "recall": [
        0.9509803921568627,
        0.8947368421052632,
        0.7272727272727273
    ],
    "cm": [
        [
            97,
            4,
            1
        ],
        [
            2,
            17,
            0
        ],
        [
            3,
            0,
            8
        ]
    ],
    "window": 13
}