{
    "macroF": 0.7527076591154261,
    "recall": [
        0.9607843137254902,
        0.5789473684210527,
        0.7272727272727273
    ],
    "cm": [
        [
            98,
            2,
            2
        ],
        [
            4,
            11,
            4
        ],
        [
            2,
            1,
            8
        ]
    ],
    "window": 13
}