{
    "macroF": 0.8995503691155865,
    "recall": [
        0.9803921568627451,
        0.8421052631578947,
        0.8181818181818182
    ],
    "cm": [
        [
            100,
            0,
            2
        ],
        [
            3,
            16,
            0
        ],
        [
            2,
            0,
            9
        ]
    ],
    "window": 13
}