{
    "macroF": 0.7547571100512277,
    "recall": [
        0.912621359223301,
        0.7222222222222222,
        0.6666666666666666
    ],
    "cm": [
        [
            94,
            6,
            3
        ],
        [
            3,
            13,
            2
        ],
        [
            4,
            0,
            8
        ]
    ],
    "window": 13
}