{
    "macroF": 0.8511608273533137,
    "recall": [
        0.9803921568627451,
        0.7368421052631579,
        0.8181818181818182
    ],
    "cm": [
        [
            100,
            1,
            1
        ],
        [
            3,
            14,
            2
        ],
        [
            1,
            1,
            9
        ]
    ],
    "window": 13
}