{
    "macroF": 0.8565142228508565,
    "recall": [
        0.9320388349514563,
        0.8333333333333334,
        0.9166666666666666
    ],
    "cm": [
        [
            96,
            3,
            4
        ],
        [
            2,
            15,
            1
        ],
        [
            1,
            0,
            11
        ]
    ],
    "window": 13
}