{
    "macroF": 0.7860940330868158,
    "recall": [
        0.9607843137254902,
        0.9473684210526315,
        0.45454545454545453
    ],
    "cm": [
        [
            98,
            2,
            2
        ],
        [
            1,
            18,
            0
        ],
        [
            2,
            4,
            5
        ]
    ],
    "window": 13
}