{
    "macroF": 0.882375478927203,
    "recall": [
        0.9803921568627451,
        0.9473684210526315,
        0.7272727272727273
    ],
    "cm": [
        [
            100,
            1,
            1
        ],
        [
            0,
            18,
            1
        ],
        [
            1,
            2,
            8
        ]
    ],
    "window": 13
}