{
    "macroF": 0.8035637558448124,
    "recall": [
        0.8823529411764706,
        0.9473684210526315,
        0.8181818181818182
    ],
    "cm": [
        [
            90,
            2,
            10
        ],
        [
            1,
            18,
            0
        ],
        [
            0,
            2,
            9
        ]
    ],
    "window": 13
}