{
    "macroF": 0.7967738819665797,
    "recall": [
        0.9223300970873787,
        0.7222222222222222,
        0.8333333333333334
    ],
    "cm": [
        [
            95,
            3,
            5
        ],
        [
            3,
            13,
            2
        ],
        [
            2,
            0,
            10
        ]
    ],
    "window": 13
}