{
    "macroF": 0.8759552391265947,
    "recall": [
        0.9803921568627451,
        0.8421052631578947,
        0.8181818181818182
    ],
    "cm": [
        [
            100,
            1,
            1
        ],
        [
            1,
            16,
            2
        ],
        [
            1,
            1,
            9
        ]
    ],
    "window": 13
}