{
    "macroF": 0.8228028215918379,
    "recall": [
        0.9411764705882353,
        0.7368421052631579,
        0.9090909090909091
    ],
    "cm": [
        [
            96,
            1,
            5
        ],
        [
            2,
            14,
            3
        ],
        [
            1,
            0,
            10
        ]
    ],
    "window": 9
}