{
    "macroF": 0.8049506972402124,
    "recall": [
        0.9117647058823529,
        0.8947368421052632,
        0.75
    ],
    "cm": [
        [
            93,
            2,
            7
        ],
        [
            1,
            17,
            1
        ],
        [
            1,
            2,
            9
        ]
    ],
    "window": 9
}