{
    "macroF": 0.8469034251642947,
    "recall": [
        0.9901960784313726,
        0.8421052631578947,
        0.6363636363636364
    ],
    "cm": [
        [
            101,
            1,
            0
        ],
        [
            1,
            16,
            2
        ],
        [
            3,
            1,
            7
        ]
    ],
    "window": 9
}