{
    "macroF": 0.797827903091061,
    "recall": [
        0.9619047619047619,
        0.7368421052631579,
        0.75
    ],
    "cm": [
        [
            101,
            1,
            3
        ],
        [
            3,
            14,
            2
        ],
        [
            1,
            1,
            6
        ]
    ],
    "window": 9
}