{
    "macroF": 0.9105129974695192,
    "recall": [
        1.0,
        0.8421052631578947,
        0.8181818181818182
    ],
    "cm": [
        [
            102,
            0,
            0
        ],
        [
            2,
            16,
            1
        ],
        [
            1,
            1,
            9
        ]
    ],
    "window": 9
}