{
    "macroF": 0.8061267369387504,
    "recall": [
        0.9705882352941176,
        0.5789473684210527,
        1.0
    ],
    "cm": [
        [
            99,
            1,
            2
        ],
        [
            2,
            11,
            6
        ],
        [
            0,
            0,
            11
        ]
    ],
    "window": 9
}