{
    "macroF": 0.8102073365231259,
    "recall": [
        0.9803921568627451,
        0.8421052631578947,
        0.5
    ],
    "cm": [
        [
            100,
            1,
            1
        ],
        [
            3,
            16,
            0
        ],
        [
            4,
            2,
            6
        ]
    ],
    "window": 9
}