{
    "macroF": 0.8223872387238723,
    "recall": [
        0.9411764705882353,
        0.8947368421052632,
        0.6666666666666666
    ],
    "cm": [
        [
            96,
            3,
            3
        ],
        [
            1,
            17,
            1
        ],
        [
            3,
            1,
            8
        ]
    ],
    "window": 9
}