{
    "macroF": 0.7079209917919594,
    "recall": [
        0.8761904761904762,
        0.6842105263157895,
        0.875
    ],
    "cm": [
        [
            92,
            2,
            11
        ],
        [
            1,
            13,
            5
        ],
        [
            0,
            1,
            7
        ]
    ],
    "window": 9
}