{
    "macroF": 0.7264774208170435,
    "recall": [
        0.9803921568627451,
        0.65,
        0.4
    ],
    "cm": [
        [
            100,
            2,
            0
        ],
        [
            6,
            13,
            1
        ],
        [
            4,
            2,
            4
        ]
    ],
    "window": 9
}