{
    "macroF": 0.9141215106732349,
    "recall": [
        0.9803921568627451,
        0.9,
        0.9
    ],
    "cm": [
        [
            100,
            1,
            1
        ],
        [
            1,
            18,
            1
        ],
        [
            0,
            1,
            9
        ]
    ],
    "window": 9
}