{
    "macroF": 0.7714260723969462,
    "recall": [
        0.9142857142857143,
        0.7894736842105263,
        0.75
    ],
    "cm": [
        [
            96,
            3,
            6
        ],
        [
            3,
            15,
            1
        ],
        [
            2,
            0,
            6
        ]
    ],
    "window": 9
}