{
    "macroF": 0.6926753429123097,
    "recall": [
        0.9523809523809523,
        0.631578947368421,
        0.5
    ],
    "cm": [
        [
            100,
            3,
            2
        ],
        [
            3,
            12,
            4
        ],
        [
            3,
            1,
            4
        ]
    ],
    "window": 9
}