{
    "macroF": 0.7571072101816437,
    "recall": [
        0.9607843137254902,
        0.631578947368421,
        0.6666666666666666
    ],
    "cm": [
        [
            98,
            1,
            3
        ],
        [
            3,
            12,
            4
        ],
        [
            3,
            1,
            8
        ]
    ],
    "window": 9
}