{
    "macroF": 0.8242871587462083,
    "recall": [
        0.9215686274509803,
        0.9473684210526315,
        0.6666666666666666
    ],
    "cm": [
        [
            94,
            5,
            3
        ],
        [
            1,
            18,
            0
        ],
        [
            3,
            1,
            8
        ]
    ],
    "window": 9
}