{
    "macroF": 0.8926481644928247,
    "recall": [
        0.9803921568627451,
        0.8,
        0.9
    ],
    "cm": [
        [
            100,
            0,
            2
        ],
        [
            3,
            16,
            1
        ],
        [
            1,
            0,
            9
        ]
    ],
    "window": 9
}