{
    "macroF": 0.8690980324374155,
    "recall": [
        0.9509803921568627,
        0.85,
        0.8
    ],
    "cm": [
        [
            97,
            4,
            1
        ],
        [
            3,
            17,
            0
        ],
        [
            1,
            1,
            8
        ]
    ],
    "window": 9
}