{
    "macroF": 0.7733698130414957,
    "recall": [
        0.9142857142857143,
        0.8947368421052632,
        0.625
    ],
    "cm": [
        [
            96,
            6,
            3
        ],
        [
            1,
            17,
            1
        ],
        [
            2,
            1,
            5
        ]
    ],
    "window": 9
}