{
    "macroF": 0.7433524134291397,
    "recall": [
        0.9411764705882353,
        0.7894736842105263,
        0.4166666666666667
    ],
    "cm": [
        [
            96,
            6,
            0
        ],
        [
            4,
            15,
            0
        ],
        [
            5,
            2,
            5
        ]
    ],
    "window": 9
}