{
    "macroF": 0.878359965316487,
    "recall": [
        1.0,
        0.8947368421052632,
        0.6363636363636364
    ],
    "cm": [
        [
            102,
            0,
            0
        ],
        [
            2,
            17,
            0
        ],
        [
            1,
            3,
            7
        ]
    ],
    "window": 9
}