{
    "macroF": 0.8622187404796101,
    "recall": [
        0.9901960784313726,
        0.7894736842105263,
        0.7272727272727273
    ],
    "cm": [
        [
            101,
            1,
            0
        ],
        [
            3,
            15,
            1
        ],
        [
            1,
            2,
            8
        ]
    ],
    "window": 9
}