{
    "macroF": 0.8358471593765712,
    "recall": [
        0.97,
        0.9411764705882353,
        0.5333333333333333
    ],
    "cm": [
        [
            97,
            0,
            3
        ],
        [
            1,
            16,
            0
        ],
        [
            6,
            1,
            8
        ]
    ],
    "window": 9
}