{
    "macroF": 0.9043263498552205,
    "recall": [
        0.9803921568627451,
        0.8,
        0.9
    ],
    "cm": [
        [
            100,
            1,
            1
        ],
        [
            4,
            16,
            0
        ],
        [
            0,
            1,
            9
        ]
    ],
    "window": 9
}