{
    "macroF": 0.7693673210914591,
    "recall": [
        0.9313725490196079,
        0.7368421052631579,
        0.6666666666666666
    ],
    "cm": [
        [
            95,
            2,
            5
        ],
        [
            4,
            14,
            1
        ],
        [
            2,
            2,
            8
        ]
    ],
    "window": 9
}