{
    "macroF": 0.7657677094570299,
    "recall": [
        0.9238095238095239,
        0.8421052631578947,
        0.625
    ],
    "cm": [
        [
            97,
            4,
            4
        ],
        [
            2,
            16,
            1
        ],
        [
            2,
            1,
            5
        ]
    ],
    "window": 9
}