{
    "macroF": 0.9218702095043434,
    "recall": [
        0.9803921568627451,
        0.85,
        0.9
    ],
    "cm": [
        [
            100,
            1,
            1
        ],
        [
            3,
            17,
            0
        ],
        [
            1,
            0,
            9
        ]
    ],
    "window": 9
}