{
    "macroF": 0.9277957106904475,
    "recall": [
        0.9901960784313726,
        0.8,
        0.9
    ],
    "cm": [
        [
            101,
            1,
            0
        ],
        [
            4,
            16,
            0
        ],
        [
            1,
            0,
            9
        ]
    ],
    "window": 9
}