{
    "macroF": 0.7712934568245413,
    "recall": [
        0.9523809523809523,
        0.7368421052631579,
        0.625
    ],
    "cm": [
        [
            100,
            2,
            3
        ],
        [
            4,
            14,
            1
        ],
        [
            2,
            1,
            5
        ]
    ],
    "window": 9
}