{
    "macroF": 0.8411286780851999,
    "recall": [
        1.0,
        0.6842105263157895,
        0.8181818181818182
    ],
    "cm": [
        [
            102,
            0,
            0
        ],
        [
            2,
            13,
            4
        ],
        [
            1,
            1,
            9
        ]
    ],
    "window": 9
}