{
    "macroF": 0.8314687100893998,
    "recall": [
        0.98,
        0.9411764705882353,
        0.5333333333333333
    ],
    "cm": [
        [
            98,
            1,
            1
        ],
        [
            0,
            16,
            1
        ],
        [
            5,
            2,
            8
        ]
    ],
    "window": 9
}