{
    "macroF": 0.7248049209282215,
    "recall": [
        0.9411764705882353,
        0.5789473684210527,
        0.5833333333333334
    ],
    "cm": [
        [
            96,
            3,
            3
        ],
        [
            7,
            11,
            1
        ],
        [
            4,
            1,
            7
        ]
    ],
    "window": 9
}