{
    "macroF": 0.8516985885406938,
    "recall": [
        0.9901960784313726,
        0.7894736842105263,
        0.6363636363636364
    ],
    "cm": [
        [
            101,
            1,
            0
        ],
        [
            4,
            15,
            0
        ],
        [
            2,
            2,
            7
        ]
    ],
    "window": 9
}