{
    "macroF": 0.800233918128655,
    "recall": [
        0.99,
        0.6470588235294118,
        0.6
    ],
    "cm": [
        [
            99,
            0,
            1
        ],
        [
            6,
            11,
            0
        ],
        [
            4,
            2,
            9
        ]
    ],
    "window": 9
}