{
    "macroF": 0.7744379803203332,
    "recall": [
        0.9047619047619048,
        0.8421052631578947,
        0.75
    ],
    "cm": [
        [
            95,
            4,
            6
        ],
        [
            2,
            16,
            1
        ],
        [
            2,
            0,
            6
        ]
    ],
    "window": 9
}