{
    "macroF": 0.8576655052264809,
    "recall": [
        0.9705882352941176,
        0.75,
        0.9
    ],
    "cm": [
        [
            99,
            0,
            3
        ],
        [
            3,
            15,
            2
        ],
        [
            1,
            0,
            9
        ]
    ],
    "window": 9
}