{
    "macroF": 0.9165218433511116,
    "recall": [
        0.9803921568627451,
        0.8,
        1.0
    ],
    "cm": [
        [
            100,
            1,
            1
        ],
        [
            3,
            16,
            1
        ],
        [
            0,
            0,
            10
        ]
    ],
    "window": 9
}