{
    "macroF": 0.8482949798739273,
    "recall": [
        0.96,
        0.8823529411764706,
        0.7333333333333333
    ],
    "cm": [
        [
            96,
            4,
            0
        ],
        [
            0,
            15,
            2
        ],
        [
            2,
            2,
            11
        ]
    ],
    "window": 9
}