{
    "macroF": 0.8741650875155368,
    "recall": [
        0.9705882352941176,
        0.85,
        0.8
    ],
    "cm": [
        [
            99,
            0,
            3
        ],
        [
            3,
            17,
            0
        ],
        [
            1,
            1,
            8
        ]
    ],
    "window": 9
}