{
    "macroF": 0.8997367791337642,
    "recall": [
        0.98,
        0.9411764705882353,
        0.8
    ],
    "cm": [
        [
            98,
            0,
            2
        ],
        [
            0,
            16,
            1
        ],
        [
            1,
            2,
            12
        ]
    ],
    "window": 9
}