{
    "macroF": 0.8359110245872089,
    "recall": [
        0.9607843137254902,
        0.7894736842105263,
        0.8181818181818182
    ],
    "cm": [
        [
            98,
            4,
            0
        ],
        [
            1,
            15,
            3
        ],
        [
            0,
            2,
            9
        ]
    ],
    "window": 9
}