{
    "macroF": 0.9023629253681671,
    "recall": [
        0.99,
        0.9411764705882353,
        0.7333333333333333
    ],
    "cm": [
        [
            99,
            0,
            1
        ],
        [
            0,
            16,
            1
        ],
        [
            3,
            1,
            11
        ]
    ],
    "window": 9
}