{
    "macroF": 0.7674924590812441,
    "recall": [
        0.9714285714285714,
        0.7368421052631579,
        0.5
    ],
    "cm": [
        [
            102,
            3,
            0
        ],
        [
            3,
            14,
            2
        ],
        [
            4,
            0,
            4
        ]
    ],
    "window": 9
}