{
    "macroF": 0.8762509064539521,
    "recall": [
        0.95,
        0.9411764705882353,
        0.8
    ],
    "cm": [
        [
            95,
            1,
            4
        ],
        [
            0,
            16,
            1
        ],
        [
            2,
            1,
            12
        ]
    ],
    "window": 9
}