{
    "macroF": 0.8785012578982428,
    "recall": [
        0.98,
        0.9411764705882353,
        0.7333333333333333
    ],
    "cm": [
        [
            98,
            1,
            1
        ],
        [
            0,
            16,
            1
        ],
        [
            1,
            3,
            11
        ]
    ],
    "window": 9
}