{
    "macroF": 0.8573696145124717,
    "recall": [
        0.9019607843137255,
        0.9473684210526315,
        0.9166666666666666
    ],
    "cm": [
        [
            92,
            3,
            7
        ],
        [
            1,
            18,
            0
        ],
        [
            1,
            0,
            11
        ]
    ],
    "window": 9
}