{
    "macroF": 0.7424888515505996,
    "recall": [
        0.9142857142857143,
        0.9473684210526315,
        0.5
    ],
    "cm": [
        [
            96,
            4,
            5
        ],
        [
            0,
            18,
            1
        ],
        [
            2,
            2,
            4
        ]
    ],
    "window": 9
}