{
    "macroF": 0.9221471353484555,
    "recall": [
        0.99,
        1.0,
        0.7333333333333333
    ],
    "cm": [
        [
            99,
            0,
            1
        ],
        [
            0,
            17,
            0
        ],
        [
            3,
            1,
            11
        ]
    ],
    "window": 9
}