{
    "macroF": 0.8243824119686188,
    "recall": [
        0.9705882352941176,
        0.7368421052631579,
        0.8181818181818182
    ],
    "cm": [
        [
            99,
            1,
            2
        ],
        [
            2,
            14,
            3
        ],
        [
            0,
            2,
            9
        ]
    ],
    "window": 9
}