{
    "macroF": 0.8246031746031744,
    "recall": [
        0.9313725490196079,
        0.9473684210526315,
        0.6666666666666666
    ],
    "cm": [
        [
            95,
            3,
            4
        ],
        [
            1,
            18,
            0
        ],
        [
            2,
            2,
            8
        ]
    ],
    "window": 9
}