{
    "macroF": 0.8736652236652237,
    "recall": [
        0.9901960784313726,
        0.6,
        1.0
    ],
    "cm": [
        [
            101,
            0,
            1
        ],
        [
            7,
            12,
            1
        ],
        [
            0,
            0,
            10
        ]
    ],
    "window": 9
}