{
    "macroF": 0.8126594822246996,
    "recall": [
        0.9803921568627451,
        0.8947368421052632,
        0.5
    ],
    "cm": [
        [
            100,
            1,
            1
        ],
        [
            1,
            17,
            1
        ],
        [
            4,
            2,
            6
        ]
    ],
    "window": 9
}