{
    "macroF": 0.8429009304871373,
    "recall": [
        0.9705882352941176,
        0.7894736842105263,
        0.8181818181818182
    ],
    "cm": [
        [
            99,
            1,
            2
        ],
        [
            1,
            15,
            3
        ],
        [
            1,
            1,
            9
        ]
    ],
    "window": 9
}