{
    "macroF": 0.8680033416875522,
    "recall": [
        0.9901960784313726,
        0.7,
        0.8
    ],
    "cm": [
        [
            101,
            1,
            0
        ],
        [
            5,
            14,
            1
        ],
        [
            2,
            0,
            8
        ]
    ],
    "window": 9
}