{
    "macroF": 0.8386888026063284,
    "recall": [
        0.8921568627450981,
        1.0,
        0.8333333333333334
    ],
    "cm": [
        [
            91,
            5,
            6
        ],
        [
            0,
            19,
            0
        ],
        [
            1,
            1,
            10
        ]
    ],
    "window": 9
}