{
    "macroF": 0.7678333622835969,
    "recall": [
        0.8952380952380953,
        0.7894736842105263,
        0.875
    ],
    "cm": [
        [
            94,
            4,
            7
        ],
        [
            2,
            15,
            2
        ],
        [
            1,
            0,
            7
        ]
    ],
    "window": 9
}