{
    "macroF": 0.8558944408392818,
    "recall": [
        0.9705882352941176,
        0.8421052631578947,
        0.8181818181818182
    ],
    "cm": [
        [
            99,
            3,
            0
        ],
        [
            0,
            16,
            3
        ],
        [
            0,
            2,
            9
        ]
    ],
    "window": 9
}