{
    "macroF": 0.7669934640522875,
    "recall": [
        0.9238095238095239,
        0.8947368421052632,
        0.625
    ],
    "cm": [
        [
            97,
            2,
            6
        ],
        [
            1,
            17,
            1
        ],
        [
            1,
            2,
            5
        ]
    ],
    "window": 9
}