{
    "macroF": 0.8360566448801743,
    "recall": [
        0.9803921568627451,
        0.7368421052631579,
        0.8181818181818182
    ],
    "cm": [
        [
            100,
            1,
            1
        ],
        [
            2,
            14,
            3
        ],
        [
            0,
            2,
            9
        ]
    ],
    "window": 9
}