{
    "macroF": 0.9055399937752879,
    "recall": [
        0.9705882352941176,
        0.9,
        0.8
    ],
    "cm": [
        [
            99,
            3,
            0
        ],
        [
            2,
            18,
            0
        ],
        [
            1,
            1,
            8
        ]
    ],
    "window": 9
}