{
    "macroF": 0.7865950474646127,
    "recall": [
        0.9705882352941176,
        0.6842105263157895,
        0.6666666666666666
    ],
    "cm": [
        [
            99,
            1,
            2
        ],
        [
            2,
            13,
            4
        ],
        [
            4,
            0,
            8
        ]
    ],
    "window": 9
}