{
    "macroF": 0.8598378035718189,
    "recall": [
        0.9607843137254902,
        0.9473684210526315,
        0.6666666666666666
    ],
    "cm": [
        [
            98,
            1,
            3
        ],
        [
            1,
            18,
            0
        ],
        [
            3,
            1,
            8
        ]
    ],
    "window": 9
}