{
    "macroF": 0.8694192914141764,
    "recall": [
        0.9607843137254902,
        0.8,
        0.9
    ],
    "cm": [
        [
            98,
            1,
            3
        ],
        [
            3,
            16,
            1
        ],
        [
            1,
            0,
            9
        ]
    ],
    "window": 9
}