{
    "macroF": 0.8855532551184725,
    "recall": [
        0.9803921568627451,
        0.75,
        0.9
    ],
    "cm": [
        [
            100,
            1,
            1
        ],
        [
            4,
            15,
            1
        ],
        [
            1,
            0,
            9
        ]
    ],
    "window": 9
}