{
    "macroF": 0.83114082056716,
    "recall": [
        0.97,
        0.9411764705882353,
        0.5333333333333333
    ],
    "cm": [
        [
            97,
            3,
            0
        ],
        [
            1,
            16,
            0
        ],
        [
            5,
            2,
            8
        ]
    ],
    "window": 9
}