{
    "macroF": 0.7400180668473352,
    "recall": [
        0.9238095238095239,
        0.8947368421052632,
        0.5
    ],
    "cm": [
        [
            97,
            3,
            5
        ],
        [
            1,
            17,
            1
        ],
        [
            2,
            2,
            4
        ]
    ],
    "window": 9
}