{
    "macroF": 0.789068013714997,
    "recall": [
        0.9619047619047619,
        0.8947368421052632,
        0.5
    ],
    "cm": [
        [
            101,
            3,
            1
        ],
        [
            1,
            17,
            1
        ],
        [
            2,
            2,
            4
        ]
    ],
    "window": 9
}