{
    "macroF": 0.8326895542988989,
    "recall": [
        0.9313725490196079,
        0.9473684210526315,
        0.6666666666666666
    ],
    "cm": [
        [
            95,
            4,
            3
        ],
        [
            1,
            18,
            0
        ],
        [
            3,
            1,
            8
        ]
    ],
    "window": 9
}