{
    "macroF": 0.8691173836804905,
    "recall": [
        0.9901960784313726,
        0.8421052631578947,
        0.7272727272727273
    ],
    "cm": [
        [
            101,
            0,
            1
        ],
        [
            2,
            16,
            1
        ],
        [
            1,
            2,
            8
        ]
    ],
    "window": 9
}