{
    "macroF": 0.7690812396845773,
    "recall": [
        0.9238095238095239,
        0.7894736842105263,
        0.75
    ],
    "cm": [
        [
            97,
            3,
            5
        ],
        [
            2,
            15,
            2
        ],
        [
            1,
            1,
            6
        ]
    ],
    "window": 9
}