{
    "macroF": 0.934268030819755,
    "recall": [
        1.0,
        1.0,
        0.7333333333333333
    ],
    "cm": [
        [
            100,
            0,
            0
        ],
        [
            0,
            17,
            0
        ],
        [
            3,
            1,
            11
        ]
    ],
    "window": 9
}