{
    "macroF": 0.9055954088952655,
    "recall": [
        1.0,
        0.9411764705882353,
        0.6666666666666666
    ],
    "cm": [
        [
            100,
            0,
            0
        ],
        [
            1,
            16,
            0
        ],
        [
            4,
            1,
            10
        ]
    ],
    "window": 9
}