{
    "macroF": 0.7687400318979266,
    "recall": [
        0.9607843137254902,
        0.8421052631578947,
        0.4166666666666667
    ],
    "cm": [
        [
            98,
            2,
            2
        ],
        [
            3,
            16,
            0
        ],
        [
            6,
            1,
            5
        ]
    ],
    "window": 9
}