{
    "macroF": 0.8203842940685045,
    "recall": [
        0.9803921568627451,
        0.8421052631578947,
        0.5
    ],
    "cm": [
        [
            100,
            2,
            0
        ],
        [
            3,
            16,
            0
        ],
        [
            5,
            1,
            6
        ]
    ],
    "window": 9
}