{
    "macroF": 0.875807334428024,
    "recall": [
        0.9607843137254902,
        0.9,
        0.8
    ],
    "cm": [
        [
            98,
            1,
            3
        ],
        [
            2,
            18,
            0
        ],
        [
            1,
            1,
            8
        ]
    ],
    "window": 9
}