{
    "macroF": 0.7536600400678072,
    "recall": [
        0.9333333333333333,
        0.8947368421052632,
        0.5
    ],
    "cm": [
        [
            98,
            4,
            3
        ],
        [
            1,
            17,
            1
        ],
        [
            2,
            2,
            4
        ]
    ],
    "window": 9
}