{
    "macroF": 0.9091570389388104,
    "recall": [
        0.9901960784313726,
        0.9,
        0.8
    ],
    "cm": [
        [
            101,
            0,
            1
        ],
        [
            2,
            18,
            0
        ],
        [
            0,
            2,
            8
        ]
    ],
    "window": 9
}