{
    "macroF": 0.8184221277004782,
    "recall": [
        0.93,
        0.9411764705882353,
        0.6666666666666666
    ],
    "cm": [
        [
            93,
            7,
            0
        ],
        [
            0,
            16,
            1
        ],
        [
            1,
            4,
            10
        ]
    ],
    "window": 9
}