{
    "macroF": 0.8477416166924959,
    "recall": [
        0.92,
        0.9411764705882353,
        0.8
    ],
    "cm": [
        [
            92,
            1,
            7
        ],
        [
            1,
            16,
            0
        ],
        [
            1,
            2,
            12
        ]
    ],
    "window": 9
}