{
    "macroF": 0.8857622231523518,
    "recall": [
        0.99,
        0.9411764705882353,
        0.6666666666666666
    ],
    "cm": [
        [
            99,
            0,
            1
        ],
        [
            0,
            16,
            1
        ],
        [
            4,
            1,
            10
        ]
    ],
    "window": 9
}