{
    "macroF": 0.8686262247237857,
    "recall": [
        0.9901960784313726,
        0.8421052631578947,
        0.7272727272727273
    ],
    "cm": [
        [
            101,
            1,
            0
        ],
        [
            2,
            16,
            1
        ],
        [
            0,
            3,
            8
        ]
    ],
    "window": 9
}