{
    "macroF": 0.8802900802900803,
    "recall": [
        0.94,
        0.9411764705882353,
        0.8666666666666667
    ],
    "cm": [
        [
            94,
            2,
            4
        ],
        [
            0,
            16,
            1
        ],
        [
            1,
            1,
            13
        ]
    ],
    "window": 9
}