{
    "macroF": 0.8682007950300634,
    "recall": [
        0.9803921568627451,
        0.7894736842105263,
        0.8181818181818182
    ],
    "cm": [
        [
            100,
            2,
            0
        ],
        [
            2,
            15,
            2
        ],
        [
            1,
            1,
            9
        ]
    ],
    "window": 9
}