{
    "macroF": 0.7995169082125604,
    "recall": [
        0.9705882352941176,
        0.7894736842105263,
        0.5833333333333334
    ],
    "cm": [
        [
            99,
            1,
            2
        ],
        [
            2,
            15,
            2
        ],
        [
            4,
            1,
            7
        ]
    ],
    "window": 9
}