{
    "macroF": 0.7996031746031745,
    "recall": [
        0.8627450980392157,
        0.9473684210526315,
        0.8333333333333334
    ],
    "cm": [
        [
            88,
            4,
            10
        ],
        [
            1,
            18,
            0
        ],
        [
            1,
            1,
            10
        ]
    ],
    "window": 9
}