{
    "macroF": 0.8749581239530988,
    "recall": [
        0.97,
        1.0,
        0.6666666666666666
    ],
    "cm": [
        [
            97,
            3,
            0
        ],
        [
            0,
            17,
            0
        ],
        [
            2,
            3,
            10
        ]
    ],
    "window": 9
}