{
    "macroF": 0.828091448781104,
    "recall": [
        0.9411764705882353,
        0.8947368421052632,
        0.6666666666666666
    ],
    "cm": [
        [
            96,
            2,
            4
        ],
        [
            2,
            17,
            0
        ],
        [
            3,
            1,
            8
        ]
    ],
    "window": 9
}