{
    "macroF": 0.8292096975023804,
    "recall": [
        0.9607843137254902,
        0.8421052631578947,
        0.6666666666666666
    ],
    "cm": [
        [
            98,
            1,
            3
        ],
        [
            2,
            16,
            1
        ],
        [
            3,
            1,
            8
        ]
    ],
    "window": 9
}