{
    "macroF": 0.8524346849131824,
    "recall": [
        0.9803921568627451,
        0.7894736842105263,
        0.8181818181818182
    ],
    "cm": [
        [
            100,
            2,
            0
        ],
        [
            1,
            15,
            3
        ],
        [
            0,
            2,
            9
        ]
    ],
    "window": 9
}