{
    "macroF": 0.8792232129828038,
    "recall": [
        0.9901960784313726,
        0.8421052631578947,
        0.8181818181818182
    ],
    "cm": [
        [
            101,
            1,
            0
        ],
        [
            0,
            16,
            3
        ],
        [
            1,
            1,
            9
        ]
    ],
    "window": 9
}