{
    "macroF": 0.7903540903540903,
    "recall": [
        0.9803921568627451,
        0.65,
        0.7
    ],
    "cm": [
        [
            100,
            0,
            2
        ],
        [
            5,
            13,
            2
        ],
        [
            1,
            2,
            7
        ]
    ],
    "window": 9
}