{
    "macroF": 0.9053429329291398,
    "recall": [
        0.99,
        1.0,
        0.6666666666666666
    ],
    "cm": [
        [
            99,
            0,
            1
        ],
        [
            0,
            17,
            0
        ],
        [
            4,
            1,
            10
        ]
    ],
    "window": 9
}