{
    "macroF": 0.7356339198066904,
    "recall": [
        0.9411764705882353,
        0.6842105263157895,
        0.5454545454545454
    ],
    "cm": [
        [
            96,
            6,
            0
        ],
        [
            4,
            13,
            2
        ],
        [
            2,
            3,
            6
        ]
    ],
    "window": 9
}