{
    "macroF": 0.875151174146149,
    "recall": [
        0.9509803921568627,
        0.8421052631578947,
        1.0
    ],
    "cm": [
        [
            97,
            2,
            3
        ],
        [
            0,
            16,
            3
        ],
        [
            0,
            0,
            11
        ]
    ],
    "window": 9
}