{
    "macroF": 0.8800653594771243,
    "recall": [
        0.9901960784313726,
        0.8947368421052632,
        0.7272727272727273
    ],
    "cm": [
        [
            101,
            1,
            0
        ],
        [
            1,
            17,
            1
        ],
        [
            0,
            3,
            8
        ]
    ],
    "window": 9
}