{
    "macroF": 0.9009847985457742,
    "recall": [
        0.9705882352941176,
        0.85,
        0.9
    ],
    "cm": [
        [
            99,
            0,
            3
        ],
        [
            3,
            17,
            0
        ],
        [
            1,
            0,
            9
        ]
    ],
    "window": 9
}