{
    "macroF": 0.7900147947541312,
    "recall": [
        0.9619047619047619,
        0.7894736842105263,
        0.625
    ],
    "cm": [
        [
            101,
            0,
            4
        ],
        [
            3,
            15,
            1
        ],
        [
            2,
            1,
            5
        ]
    ],
    "window": 9
}