{
    "macroF": 0.8450610432852385,
    "recall": [
        0.9901960784313726,
        0.7894736842105263,
        0.5833333333333334
    ],
    "cm": [
        [
            101,
            0,
            1
        ],
        [
            4,
            15,
            0
        ],
        [
            5,
            0,
            7
        ]
    ],
    "window": 9
}