{
    "macroF": 0.8308802308802309,
    "recall": [
        0.9705882352941176,
        0.65,
        0.8
    ],
    "cm": [
        [
            99,
            0,
            3
        ],
        [
            7,
            13,
            0
        ],
        [
            2,
            0,
            8
        ]
    ],
    "window": 9
}