{
    "macroF": 0.9172735760971055,
    "recall": [
        1.0,
        1.0,
        0.6666666666666666
    ],
    "cm": [
        [
            100,
            0,
            0
        ],
        [
            0,
            17,
            0
        ],
        [
            4,
            1,
            10
        ]
    ],
    "window": 9
}