{
    "macroF": 0.8299726163803833,
    "recall": [
        0.9607843137254902,
        0.8947368421052632,
        0.5833333333333334
    ],
    "cm": [
        [
            98,
            2,
            2
        ],
        [
            2,
            17,
            0
        ],
        [
            4,
            1,
            7
        ]
    ],
    "window": 9
}