{
    "macroF": 0.8069255173408321,
    "recall": [
        0.9607843137254902,
        0.7894736842105263,
        0.7272727272727273
    ],
    "cm": [
        [
            98,
            3,
            1
        ],
        [
            1,
            15,
            3
        ],
        [
            0,
            3,
            8
        ]
    ],
    "window": 9
}