{
    "macroF": 0.8805136795086543,
    "recall": [
        0.97,
        0.9411764705882353,
        0.7333333333333333
    ],
    "cm": [
        [
            97,
            3,
            0
        ],
        [
            1,
            16,
            0
        ],
        [
            1,
            3,
            11
        ]
    ],
    "window": 9
}