{
    "macroF": 0.7958921694480102,
    "recall": [
        0.9333333333333333,
        0.8421052631578947,
        0.75
    ],
    "cm": [
        [
            98,
            4,
            3
        ],
        [
            1,
            16,
            2
        ],
        [
            1,
            1,
            6
        ]
    ],
    "window": 9
}