{
    "macroF": 0.7547619047619047,
    "recall": [
        0.9428571428571428,
        0.7894736842105263,
        0.5
    ],
    "cm": [
        [
            99,
            5,
            1
        ],
        [
            3,
            15,
            1
        ],
        [
            3,
            1,
            4
        ]
    ],
    "window": 9
}