{
    "macroF": 0.8918189192788736,
    "recall": [
        0.9803921568627451,
        0.9473684210526315,
        0.6666666666666666
    ],
    "cm": [
        [
            100,
            1,
            1
        ],
        [
            1,
            18,
            0
        ],
        [
            4,
            0,
            8
        ]
    ],
    "window": 9
}