{
    "macroF": 0.8055205520552056,
    "recall": [
        0.9705882352941176,
        0.8421052631578947,
        0.6363636363636364
    ],
    "cm": [
        [
            99,
            2,
            1
        ],
        [
            0,
            16,
            3
        ],
        [
            1,
            3,
            7
        ]
    ],
    "window": 9
}