{
    "macroF": 0.920014245014245,
    "recall": [
        0.9901960784313726,
        0.8,
        0.9
    ],
    "cm": [
        [
            101,
            0,
            1
        ],
        [
            4,
            16,
            0
        ],
        [
            1,
            0,
            9
        ]
    ],
    "window": 9
}