{
    "macroF": 0.8387799564270152,
    "recall": [
        0.9607843137254902,
        0.6842105263157895,
        0.9090909090909091
    ],
    "cm": [
        [
            98,
            4,
            0
        ],
        [
            3,
            13,
            3
        ],
        [
            1,
            0,
            10
        ]
    ],
    "window": 9
}