{
    "macroF": 0.7835462442514052,
    "recall": [
        0.9705882352941176,
        0.7894736842105263,
        0.5454545454545454
    ],
    "cm": [
        [
            99,
            1,
            2
        ],
        [
            3,
            15,
            1
        ],
        [
            2,
            3,
            6
        ]
    ],
    "window": 9
}