{
    "macroF": 0.9188343994314144,
    "recall": [
        0.99,
        0.9411764705882353,
        0.8
    ],
    "cm": [
        [
            99,
            1,
            0
        ],
        [
            0,
            16,
            1
        ],
        [
            2,
            1,
            12
        ]
    ],
    "window": 9
}