{
    "macroF": 0.7923192319231923,
    "recall": [
        0.9047619047619048,
        0.8421052631578947,
        0.875
    ],
    "cm": [
        [
            95,
            4,
            6
        ],
        [
            2,
            16,
            1
        ],
        [
            0,
            1,
            7
        ]
    ],
    "window": 9
}