{
    "macroF": 0.7797153804050355,
    "recall": [
        0.9142857142857143,
        0.7894736842105263,
        0.875
    ],
    "cm": [
        [
            96,
            2,
            7
        ],
        [
            1,
            15,
            3
        ],
        [
            1,
            0,
            7
        ]
    ],
    "window": 9
}