{
    "macroF": 0.8072833599149388,
    "recall": [
        0.9523809523809523,
        0.7894736842105263,
        0.75
    ],
    "cm": [
        [
            100,
            2,
            3
        ],
        [
            2,
            15,
            2
        ],
        [
            2,
            0,
            6
        ]
    ],
    "window": 9
}