{
    "macroF": 0.8543328017012227,
    "recall": [
        0.9803921568627451,
        0.65,
        0.9
    ],
    "cm": [
        [
            100,
            0,
            2
        ],
        [
            6,
            13,
            1
        ],
        [
            1,
            0,
            9
        ]
    ],
    "window": 9
}