{
    "macroF": 0.8336029896959545,
    "recall": [
        0.96,
        0.8235294117647058,
        0.7333333333333333
    ],
    "cm": [
        [
            96,
            1,
            3
        ],
        [
            0,
            14,
            3
        ],
        [
            3,
            1,
            11
        ]
    ],
    "window": 9
}