{
    "macroF": 0.8320061075875028,
    "recall": [
        0.9809523809523809,
        0.6842105263157895,
        0.75
    ],
    "cm": [
        [
            103,
            1,
            1
        ],
        [
            5,
            13,
            1
        ],
        [
            2,
            0,
            6
        ]
    ],
    "window": 9
}