{
    "macroF": 0.8951465201465201,
    "recall": [
        0.9901960784313726,
        0.7894736842105263,
        0.8181818181818182
    ],
    "cm": [
        [
            101,
            1,
            0
        ],
        [
            3,
            15,
            1
        ],
        [
            2,
            0,
            9
        ]
    ],
    "window": 9
}