{
    "macroF": 0.9033862433862434,
    "recall": [
        0.98,
        1.0,
        0.7333333333333333
    ],
    "cm": [
        [
            98,
            0,
            2
        ],
        [
            0,
            17,
            0
        ],
        [
            2,
            2,
            11
        ]
    ],
    "window": 9
}