{
    "macroF": 0.752207872897528,
    "recall": [
        0.9142857142857143,
        0.7894736842105263,
        0.75
    ],
    "cm": [
        [
            96,
            2,
            7
        ],
        [
            1,
            15,
            3
        ],
        [
            1,
            1,
            6
        ]
    ],
    "window": 9
}