{
    "macroF": 0.7593880837359098,
    "recall": [
        0.8952380952380953,
        0.9473684210526315,
        0.625
    ],
    "cm": [
        [
            94,
            7,
            4
        ],
        [
            0,
            18,
            1
        ],
        [
            1,
            2,
            5
        ]
    ],
    "window": 9
}