{
    "macroF": 0.7560256180945837,
    "recall": [
        0.9313725490196079,
        0.7368421052631579,
        0.7272727272727273
    ],
    "cm": [
        [
            95,
            1,
            6
        ],
        [
            1,
            14,
            4
        ],
        [
            0,
            3,
            8
        ]
    ],
    "window": 9
}