{
    "macroF": 0.8503028794290931,
    "recall": [
        0.9705882352941176,
        0.9473684210526315,
        0.5833333333333334
    ],
    "cm": [
        [
            99,
            1,
            2
        ],
        [
            1,
            18,
            0
        ],
        [
            4,
            1,
            7
        ]
    ],
    "window": 9
}