{
    "macroF": 0.9031099619334914,
    "recall": [
        0.9803921568627451,
        0.85,
        0.9
    ],
    "cm": [
        [
            100,
            1,
            1
        ],
        [
            2,
            17,
            1
        ],
        [
            0,
            1,
            9
        ]
    ],
    "window": 9
}