{
    "macroF": 0.8576655052264809,
    "recall": [
        0.99,
        0.8823529411764706,
        0.6
    ],
    "cm": [
        [
            99,
            1,
            0
        ],
        [
            2,
            15,
            0
        ],
        [
            4,
            2,
            9
        ]
    ],
    "window": 9
}