{
    "macroF": 0.7095632908238559,
    "recall": [
        0.8857142857142857,
        0.7894736842105263,
        0.625
    ],
    "cm": [
        [
            93,
            5,
            7
        ],
        [
            3,
            15,
            1
        ],
        [
            1,
            2,
            5
        ]
    ],
    "window": 9
}