{
    "macroF": 0.8899537400715719,
    "recall": [
        0.98,
        1.0,
        0.6666666666666666
    ],
    "cm": [
        [
            98,
            2,
            0
        ],
        [
            0,
            17,
            0
        ],
        [
            3,
            2,
            10
        ]
    ],
    "window": 9
}