{
    "macroF": 0.8695330559408229,
    "recall": [
        0.9607843137254902,
        0.7894736842105263,
        0.8333333333333334
    ],
    "cm": [
        [
            98,
            1,
            3
        ],
        [
            4,
            15,
            0
        ],
        [
            2,
            0,
            10
        ]
    ],
    "window": 9
}