{
    "macroF": 0.8058638934501005,
    "recall": [
        0.9705882352941176,
        0.6842105263157895,
        0.8181818181818182
    ],
    "cm": [
        [
            99,
            2,
            1
        ],
        [
            2,
            13,
            4
        ],
        [
            0,
            2,
            9
        ]
    ],
    "window": 9
}