{
    "macroF": 0.8934056007226738,
    "recall": [
        0.9803921568627451,
        0.95,
        0.7
    ],
    "cm": [
        [
            100,
            1,
            1
        ],
        [
            1,
            19,
            0
        ],
        [
            2,
            1,
            7
        ]
    ],
    "window": 9
}