{
    "macroF": 0.8556452283883851,
    "recall": [
        0.98,
        0.8823529411764706,
        0.6666666666666666
    ],
    "cm": [
        [
            98,
            1,
            1
        ],
        [
            0,
            15,
            2
        ],
        [
            4,
            1,
            10
        ]
    ],
    "window": 9
}