{
    "macroF": 0.8285714285714286,
    "recall": [
        0.9803921568627451,
        0.7894736842105263,
        0.5833333333333334
    ],
    "cm": [
        [
            100,
            1,
            1
        ],
        [
            4,
            15,
            0
        ],
        [
            4,
            1,
            7
        ]
    ],
    "window": 9
}