{
    "macroF": 0.8404350978970268,
    "recall": [
        0.9117647058823529,
        0.9,
        0.9
    ],
    "cm": [
        [
            93,
            3,
            6
        ],
        [
            2,
            18,
            0
        ],
        [
            0,
            1,
            9
        ]
    ],
    "window": 9
}