{
    "macroF": 0.7370382199510274,
    "recall": [
        0.8857142857142857,
        0.631578947368421,
        1.0
    ],
    "cm": [
        [
            93,
            0,
            12
        ],
        [
            4,
            12,
            3
        ],
        [
            0,
            0,
            8
        ]
    ],
    "window": 9
}