{
    "macroF": 0.7589980218018745,
    "recall": [
        0.9619047619047619,
        0.631578947368421,
        0.75
    ],
    "cm": [
        [
            101,
            0,
            4
        ],
        [
            3,
            12,
            4
        ],
        [
            2,
            0,
            6
        ]
    ],
    "window": 9
}