{
    "macroF": 0.8949246404535112,
    "recall": [
        0.9803921568627451,
        0.85,
        0.8
    ],
    "cm": [
        [
            100,
            1,
            1
        ],
        [
            3,
            17,
            0
        ],
        [
            1,
            1,
            8
        ]
    ],
    "window": 9
}