{
    "macroF": 0.6928213348996767,
    "recall": [
        0.9607843137254902,
        0.631578947368421,
        0.4166666666666667
    ],
    "cm": [
        [
            98,
            1,
            3
        ],
        [
            4,
            12,
            3
        ],
        [
            5,
            2,
            5
        ]
    ],
    "window": 9
}