{
    "macroF": 0.8675711284406938,
    "recall": [
        0.9705882352941176,
        0.8947368421052632,
        0.6666666666666666
    ],
    "cm": [
        [
            99,
            1,
            2
        ],
        [
            2,
            17,
            0
        ],
        [
            4,
            0,
            8
        ]
    ],
    "window": 9
}