{
    "macroF": 0.8773390763340512,
    "recall": [
        0.97,
        0.8823529411764706,
        0.8
    ],
    "cm": [
        [
            97,
            1,
            2
        ],
        [
            1,
            15,
            1
        ],
        [
            1,
            2,
            12
        ]
    ],
    "window": 9
}