{
    "macroF": 0.79508547008547,
    "recall": [
        0.9428571428571428,
        0.7894736842105263,
        0.75
    ],
    "cm": [
        [
            99,
            2,
            4
        ],
        [
            2,
            15,
            2
        ],
        [
            2,
            0,
            6
        ]
    ],
    "window": 9
}