{
    "macroF": 0.839293747188484,
    "recall": [
        0.9428571428571428,
        0.8421052631578947,
        0.75
    ],
    "cm": [
        [
            99,
            4,
            2
        ],
        [
            3,
            16,
            0
        ],
        [
            2,
            0,
            6
        ]
    ],
    "window": 9
}