{
    "macroF": 0.7809961685823755,
    "recall": [
        0.98,
        0.5882352941176471,
        0.6
    ],
    "cm": [
        [
            98,
            1,
            1
        ],
        [
            7,
            10,
            0
        ],
        [
            5,
            1,
            9
        ]
    ],
    "window": 9
}