{
    "macroF": 0.8650772972034045,
    "recall": [
        0.9411764705882353,
        0.85,
        0.9
    ],
    "cm": [
        [
            96,
            1,
            5
        ],
        [
            3,
            17,
            0
        ],
        [
            1,
            0,
            9
        ]
    ],
    "window": 9
}