{
    "macroF": 0.7632661717921527,
    "recall": [
        0.9411764705882353,
        0.6842105263157895,
        0.7272727272727273
    ],
    "cm": [
        [
            96,
            6,
            0
        ],
        [
            2,
            13,
            4
        ],
        [
            0,
            3,
            8
        ]
    ],
    "window": 9
}