{
    "macroF": 0.91217639043726,
    "recall": [
        0.9901960784313726,
        0.85,
        0.8
    ],
    "cm": [
        [
            101,
            1,
            0
        ],
        [
            3,
            17,
            0
        ],
        [
            1,
            1,
            8
        ]
    ],
    "window": 9
}