{
    "macroF": 0.8944732910250153,
    "recall": [
        0.9803921568627451,
        0.8421052631578947,
        0.9090909090909091
    ],
    "cm": [
        [
            100,
            1,
            1
        ],
        [
            1,
            16,
            2
        ],
        [
            0,
            1,
            10
        ]
    ],
    "window": 9
}