{
    "macroF": 0.8778143662443489,
    "recall": [
        0.9607843137254902,
        0.8947368421052632,
        0.75
    ],
    "cm": [
        [
            98,
            2,
            2
        ],
        [
            2,
            17,
            0
        ],
        [
            3,
            0,
            9
        ]
    ],
    "window": 9
}