{
    "macroF": 0.7066299469604242,
    "recall": [
        1.0,
        0.631578947368421,
        0.3333333333333333
    ],
    "cm": [
        [
            102,
            0,
            0
        ],
        [
            4,
            12,
            3
        ],
        [
            7,
            1,
            4
        ]
    ],
    "window": 9
}