{
    "macroF": 0.8789287422285987,
    "recall": [
        1.0,
        0.9411764705882353,
        0.6
    ],
    "cm": [
        [
            100,
            0,
            0
        ],
        [
            0,
            16,
            1
        ],
        [
            5,
            1,
            9
        ]
    ],
    "window": 9
}