{
    "macroF": 0.8694534340165408,
    "recall": [
        0.9901960784313726,
        0.8947368421052632,
        0.6363636363636364
    ],
    "cm": [
        [
            101,
            1,
            0
        ],
        [
            2,
            17,
            0
        ],
        [
            1,
            3,
            7
        ]
    ],
    "window": 9
}