{
    "macroF": 0.762016201620162,
    "recall": [
        0.9047619047619048,
        0.8421052631578947,
        0.75
    ],
    "cm": [
        [
            95,
            3,
            7
        ],
        [
            2,
            16,
            1
        ],
        [
            0,
            2,
            6
        ]
    ],
    "window": 9
}