{
    "macroF": 0.8349060359929924,
    "recall": [
        0.9611650485436893,
        0.8333333333333334,
        0.6666666666666666
    ],
    "cm": [
        [
            99,
            2,
            2
        ],
        [
            2,
            15,
            1
        ],
        [
            4,
            0,
            8
        ]
    ],
    "window": 9
}