{
    "macroF": 0.860708534621578,
    "recall": [
        0.970873786407767,
        0.8333333333333334,
        0.75
    ],
    "cm": [
        [
            100,
            3,
            0
        ],
        [
            1,
            15,
            2
        ],
        [
            3,
            0,
            9
        ]
    ],
    "window": 9
}