{
    "macroF": 0.8035207091357407,
    "recall": [
        0.9215686274509803,
        0.9473684210526315,
        0.6363636363636364
    ],
    "cm": [
        [
            94,
            3,
            5
        ],
        [
            1,
            18,
            0
        ],
        [
            2,
            2,
            7
        ]
    ],
    "window": 9
}