{
    "macroF": 0.7908388219574091,
    "recall": [
        0.941747572815534,
        0.8888888888888888,
        0.5833333333333334
    ],
    "cm": [
        [
            97,
            5,
            1
        ],
        [
            0,
            16,
            2
        ],
        [
            3,
            2,
            7
        ]
    ],
    "window": 9
}