{
    "macroF": 0.7736425746134484,
    "recall": [
        0.9320388349514563,
        0.7222222222222222,
        0.6666666666666666
    ],
    "cm": [
        [
            96,
            4,
            3
        ],
        [
            4,
            13,
            1
        ],
        [
            3,
            1,
            8
        ]
    ],
    "window": 9
}