{
    "macroF": 0.7407718502497121,
    "recall": [
        0.912621359223301,
        0.7777777777777778,
        0.5833333333333334
    ],
    "cm": [
        [
            94,
            8,
            1
        ],
        [
            1,
            14,
            3
        ],
        [
            4,
            1,
            7
        ]
    ],
    "window": 9
}