{
    "macroF": 0.8061965811965811,
    "recall": [
        0.9705882352941176,
        0.7368421052631579,
        0.6363636363636364
    ],
    "cm": [
        [
            99,
            1,
            2
        ],
        [
            4,
            14,
            1
        ],
        [
            3,
            1,
            7
        ]
    ],
    "window": 9
}