{
    "macroF": 0.7781044845122516,
    "recall": [
        0.9514563106796117,
        0.7222222222222222,
        0.6666666666666666
    ],
    "cm": [
        [
            98,
            4,
            1
        ],
        [
            1,
            13,
            4
        ],
        [
            4,
            0,
            8
        ]
    ],
    "window": 9
}