{
    "macroF": 0.8687159200616256,
    "recall": [
        0.9509803921568627,
        0.7894736842105263,
        1.0
    ],
    "cm": [
        [
            97,
            0,
            5
        ],
        [
            2,
            15,
            2
        ],
        [
            0,
            0,
            11
        ]
    ],
    "window": 9
}