{
    "macroF": 0.8053049713963419,
    "recall": [
        0.9019607843137255,
        0.8421052631578947,
        0.8181818181818182
    ],
    "cm": [
        [
            92,
            6,
            4
        ],
        [
            2,
            16,
            1
        ],
        [
            1,
            1,
            9
        ]
    ],
    "window": 9
}