{
    "macroF": 0.8964053162072965,
    "recall": [
        0.9607843137254902,
        0.8947368421052632,
        0.9090909090909091
    ],
    "cm": [
        [
            98,
            0,
            4
        ],
        [
            2,
            17,
            0
        ],
        [
            0,
            1,
            10
        ]
    ],
    "window": 9
}