{
    "macroF": 0.7814053851205555,
    "recall": [
        0.9901960784313726,
        0.7894736842105263,
        0.45454545454545453
    ],
    "cm": [
        [
            101,
            1,
            0
        ],
        [
            3,
            15,
            1
        ],
        [
            3,
            3,
            5
        ]
    ],
    "window": 9
}