{
    "macroF": 0.8626448917711054,
    "recall": [
        0.9705882352941176,
        0.8421052631578947,
        0.7272727272727273
    ],
    "cm": [
        [
            99,
            2,
            1
        ],
        [
            2,
            16,
            1
        ],
        [
            3,
            0,
            8
        ]
    ],
    "window": 9
}