{
    "macroF": 0.7868729096989967,
    "recall": [
        0.9611650485436893,
        0.7777777777777778,
        0.5833333333333334
    ],
    "cm": [
        [
            99,
            2,
            2
        ],
        [
            2,
            14,
            2
        ],
        [
            4,
            1,
            7
        ]
    ],
    "window": 9
}