{
    "macroF": 0.8568318790379221,
    "recall": [
        0.9509803921568627,
        0.9473684210526315,
        0.7272727272727273
    ],
    "cm": [
        [
            97,
            2,
            3
        ],
        [
            1,
            18,
            0
        ],
        [
            1,
            2,
            8
        ]
    ],
    "window": 9
}