{
    "macroF": 0.8344248928167496,
    "recall": [
        0.9607843137254902,
        0.8421052631578947,
        0.7272727272727273
    ],
    "cm": [
        [
            98,
            1,
            3
        ],
        [
            2,
            16,
            1
        ],
        [
            1,
            2,
            8
        ]
    ],
    "window": 9
}