{
    "macroF": 0.7432336182336182,
    "recall": [
        0.9705882352941176,
        0.7368421052631579,
        0.45454545454545453
    ],
    "cm": [
        [
            99,
            1,
            2
        ],
        [
            3,
            14,
            2
        ],
        [
            4,
            2,
            5
        ]
    ],
    "window": 9
}