{
    "macroF": 0.881880571535744,
    "recall": [
        0.9509803921568627,
        0.8947368421052632,
        0.8181818181818182
    ],
    "cm": [
        [
            97,
            3,
            2
        ],
        [
            2,
            17,
            0
        ],
        [
            2,
            0,
            9
        ]
    ],
    "window": 9
}