{
    "macroF": 0.8601263278135368,
    "recall": [
        0.9509803921568627,
        0.8421052631578947,
        0.8181818181818182
    ],
    "cm": [
        [
            97,
            3,
            2
        ],
        [
            2,
            16,
            1
        ],
        [
            2,
            0,
            9
        ]
    ],
    "window": 9
}