{
    "macroF": 0.861608040201005,
    "recall": [
        0.9411764705882353,
        0.9473684210526315,
        0.8181818181818182
    ],
    "cm": [
        [
            96,
            2,
            4
        ],
        [
            0,
            18,
            1
        ],
        [
            1,
            1,
            9
        ]
    ],
    "window": 9
}