{
    "macroF": 0.6925922205480216,
    "recall": [
        0.7745098039215687,
        0.9473684210526315,
        0.7272727272727273
    ],
    "cm": [
        [
            79,
            10,
            13
        ],
        [
            0,
            18,
            1
        ],
        [
            0,
            3,
            8
        ]
    ],
    "window": 9
}