{
    "macroF": 0.8421345504379149,
    "recall": [
        0.9019607843137255,
        0.9473684210526315,
        0.9090909090909091
    ],
    "cm": [
        [
            92,
            5,
            5
        ],
        [
            0,
            18,
            1
        ],
        [
            0,
            1,
            10
        ]
    ],
    "window": 9
}