{
    "macroF": 0.6386643942309455,
    "recall": [
        0.6666666666666666,
        0.8421052631578947,
        0.9090909090909091
    ],
    "cm": [
        [
            68,
            12,
            22
        ],
        [
            1,
            16,
            2
        ],
        [
            1,
            0,
            10
        ]
    ],
    "window": 9
}