{
    "macroF": 0.8673448773448774,
    "recall": [
        0.9509803921568627,
        1.0,
        0.7272727272727273
    ],
    "cm": [
        [
            97,
            2,
            3
        ],
        [
            0,
            19,
            0
        ],
        [
            1,
            2,
            8
        ]
    ],
    "window": 9
}