{
    "macroF": 0.7713131313131313,
    "recall": [
        0.9019607843137255,
        0.7368421052631579,
        0.7272727272727273
    ],
    "cm": [
        [
            92,
            8,
            2
        ],
        [
            4,
            14,
            1
        ],
        [
            2,
            1,
            8
        ]
    ],
    "window": 9
}