{
    "macroF": 0.8228443806333253,
    "recall": [
        0.9215686274509803,
        0.7894736842105263,
        0.9090909090909091
    ],
    "cm": [
        [
            94,
            1,
            7
        ],
        [
            2,
            15,
            2
        ],
        [
            1,
            0,
            10
        ]
    ],
    "window": 9
}