{
    "macroF": 0.8189010851549551,
    "recall": [
        0.9901960784313726,
        0.7368421052631579,
        0.6363636363636364
    ],
    "cm": [
        [
            101,
            0,
            1
        ],
        [
            3,
            14,
            2
        ],
        [
            3,
            1,
            7
        ]
    ],
    "window": 9
}