{
    "macroF": 0.781780299915015,
    "recall": [
        0.8823529411764706,
        0.7894736842105263,
        0.9090909090909091
    ],
    "cm": [
        [
            90,
            1,
            11
        ],
        [
            0,
            15,
            4
        ],
        [
            1,
            0,
            10
        ]
    ],
    "window": 9
}