{
    "macroF": 0.8561466053726116,
    "recall": [
        0.9607843137254902,
        0.7894736842105263,
        0.8181818181818182
    ],
    "cm": [
        [
            98,
            3,
            1
        ],
        [
            3,
            15,
            1
        ],
        [
            1,
            1,
            9
        ]
    ],
    "window": 9
}