{
    "macroF": 0.8319786798957618,
    "recall": [
        0.9764705882352941,
        0.7096774193548387,
        0.7368421052631579
    ],
    "cm": [
        [
            166,
            3,
            1
        ],
        [
            7,
            22,
            2
        ],
        [
            3,
            2,
            14
        ]
    ],
    "window": 9
}