{
    "macroF": 0.8198537488623168,
    "recall": [
        0.9647058823529412,
        0.6774193548387096,
        0.7894736842105263
    ],
    "cm": [
        [
            164,
            3,
            3
        ],
        [
            8,
            21,
            2
        ],
        [
            2,
            2,
            15
        ]
    ],
    "window": 9
}