{
    "macroF": 0.8688277830068875,
    "recall": [
        0.9411764705882353,
        0.9375,
        0.8333333333333334
    ],
    "cm": [
        [
            160,
            4,
            6
        ],
        [
            1,
            30,
            1
        ],
        [
            2,
            1,
            15
        ]
    ],
    "window": 9
}