{
    "macroF": 0.805647147527987,
    "recall": [
        0.9117647058823529,
        0.875,
        0.7777777777777778
    ],
    "cm": [
        [
            155,
            7,
            8
        ],
        [
            1,
            28,
            3
        ],
        [
            3,
            1,
            14
        ]
    ],
    "window": 9
}