{
    "macroF": 0.8687579590125684,
    "recall": [
        0.9529411764705882,
        0.9375,
        0.7777777777777778
    ],
    "cm": [
        [
            162,
            4,
            4
        ],
        [
            1,
            30,
            1
        ],
        [
            2,
            2,
            14
        ]
    ],
    "window": 9
}