{
    "macroF": 0.8175410371256069,
    "recall": [
        0.9470588235294117,
        0.875,
        0.6666666666666666
    ],
    "cm": [
        [
            161,
            4,
            5
        ],
        [
            2,
            28,
            2
        ],
        [
            4,
            2,
            12
        ]
    ],
    "window": 9
}