{
    "macroF": 0.7742482632126095,
    "recall": [
        0.9473684210526315,
        0.8064516129032258,
        0.5789473684210527
    ],
    "cm": [
        [
            162,
            4,
            5
        ],
        [
            3,
            25,
            3
        ],
        [
            5,
            3,
            11
        ]
    ],
    "window": 9
}