{
    "macroF": 0.6933293965878633,
    "recall": [
        0.8538011695906432,
        0.8387096774193549,
        0.5263157894736842
    ],
    "cm": [
        [
            146,
            6,
            19
        ],
        [
            4,
            26,
            1
        ],
        [
            5,
            4,
            10
        ]
    ],
    "window": 9
}