{
    "macroF": 0.8046319322915068,
    "recall": [
        0.9117647058823529,
        0.78125,
        0.8888888888888888
    ],
    "cm": [
        [
            155,
            5,
            10
        ],
        [
            4,
            25,
            3
        ],
        [
            1,
            1,
            16
        ]
    ],
    "window": 9
}