{
    "macroF": 0.8649014691090429,
    "recall": [
        0.9823529411764705,
        0.8387096774193549,
        0.6842105263157895
    ],
    "cm": [
        [
            167,
            2,
            1
        ],
        [
            5,
            26,
            0
        ],
        [
            3,
            3,
            13
        ]
    ],
    "window": 9
}