{
    "macroF": 0.763031035536662,
    "recall": [
        0.9415204678362573,
        0.7419354838709677,
        0.5789473684210527
    ],
    "cm": [
        [
            161,
            6,
            4
        ],
        [
            6,
            23,
            2
        ],
        [
            6,
            2,
            11
        ]
    ],
    "window": 9
}