{
    "macroF": 0.85503108594073,
    "recall": [
        0.9649122807017544,
        0.7741935483870968,
        0.7894736842105263
    ],
    "cm": [
        [
            165,
            2,
            4
        ],
        [
            6,
            24,
            1
        ],
        [
            4,
            0,
            15
        ]
    ],
    "window": 9
}