{
    "macroF": 0.8339054621693648,
    "recall": [
        0.9823529411764705,
        0.7096774193548387,
        0.7368421052631579
    ],
    "cm": [
        [
            167,
            2,
            1
        ],
        [
            7,
            22,
            2
        ],
        [
            2,
            3,
            14
        ]
    ],
    "window": 9
}