{
    "macroF": 0.8123439578225407,
    "recall": [
        0.9473684210526315,
        0.7741935483870968,
        0.7368421052631579
    ],
    "cm": [
        [
            162,
            5,
            4
        ],
        [
            4,
            24,
            3
        ],
        [
            4,
            1,
            14
        ]
    ],
    "window": 9
}