{
    "macroF": 0.7704243602202786,
    "recall": [
        0.9529411764705882,
        0.6129032258064516,
        0.7368421052631579
    ],
    "cm": [
        [
            162,
            4,
            4
        ],
        [
            9,
            19,
            3
        ],
        [
            2,
            3,
            14
        ]
    ],
    "window": 9
}