{
    "macroF": 0.7845857418111754,
    "recall": [
        0.9649122807017544,
        0.6774193548387096,
        0.6842105263157895
    ],
    "cm": [
        [
            165,
            3,
            3
        ],
        [
            5,
            21,
            5
        ],
        [
            5,
            1,
            13
        ]
    ],
    "window": 9
}