{
    "macroF": 0.8517367613884734,
    "recall": [
        0.9352941176470588,
        0.90625,
        0.8333333333333334
    ],
    "cm": [
        [
            159,
            5,
            6
        ],
        [
            1,
            29,
            2
        ],
        [
            2,
            1,
            15
        ]
    ],
    "window": 9
}