{
    "macroF": 0.8587337909992373,
    "recall": [
        0.9941176470588236,
        0.7419354838709677,
        0.7894736842105263
    ],
    "cm": [
        [
            169,
            1,
            0
        ],
        [
            4,
            23,
            4
        ],
        [
            2,
            2,
            15
        ]
    ],
    "window": 9
}