{
    "macroF": 0.7850220632829328,
    "recall": [
        0.9901960784313726,
        0.6842105263157895,
        0.6363636363636364
    ],
    "cm": [
        [
            101,
            0,
            1
        ],
        [
            3,
            13,
            3
        ],
        [
            1,
            3,
            7
        ]
    ],
    "window": 9
}