{
    "macroF": 0.8005878894767783,
    "recall": [
        0.9058823529411765,
        0.96875,
        0.6666666666666666
    ],
    "cm": [
        [
            154,
            12,
            4
        ],
        [
            0,
            31,
            1
        ],
        [
            0,
            6,
            12
        ]
    ],
    "window": 9
}