{
    "macroF": 0.8406509241258039,
    "recall": [
        0.9647058823529412,
        0.7419354838709677,
        0.8947368421052632
    ],
    "cm": [
        [
            164,
            4,
            2
        ],
        [
            1,
            23,
            7
        ],
        [
            2,
            0,
            17
        ]
    ],
    "window": 9
}