{
    "macroF": 0.8568627450980392,
    "recall": [
        0.9705882352941176,
        0.9473684210526315,
        0.6363636363636364
    ],
    "cm": [
        [
            99,
            1,
            2
        ],
        [
            1,
            18,
            0
        ],
        [
            2,
            2,
            7
        ]
    ],
    "window": 9
}