{
    "macroF": 0.7844693432928728,
    "recall": [
        0.883495145631068,
        0.7777777777777778,
        0.9166666666666666
    ],
    "cm": [
        [
            91,
            4,
            8
        ],
        [
            1,
            14,
            3
        ],
        [
            1,
            0,
            11
        ]
    ],
    "window": 9
}