{
    "macroF": 0.8090373060712044,
    "recall": [
        0.9588235294117647,
        0.7096774193548387,
        0.8421052631578947
    ],
    "cm": [
        [
            163,
            5,
            2
        ],
        [
            1,
            22,
            8
        ],
        [
            2,
            1,
            16
        ]
    ],
    "window": 9
}