{
    "macroF": 0.7869281045751634,
    "recall": [
        0.9607843137254902,
        0.8421052631578947,
        0.5454545454545454
    ],
    "cm": [
        [
            98,
            2,
            2
        ],
        [
            2,
            16,
            1
        ],
        [
            2,
            3,
            6
        ]
    ],
    "window": 9
}