{
    "macroF": 0.7737993186064402,
    "recall": [
        0.9298245614035088,
        0.7741935483870968,
        0.6842105263157895
    ],
    "cm": [
        [
            159,
            4,
            8
        ],
        [
            2,
            24,
            5
        ],
        [
            5,
            1,
            13
        ]
    ],
    "window": 9
}