{
    "macroF": 0.7104377104377105,
    "recall": [
        0.9215686274509803,
        0.9473684210526315,
        0.36363636363636365
    ],
    "cm": [
        [
            94,
            2,
            6
        ],
        [
            0,
            18,
            1
        ],
        [
            2,
            5,
            4
        ]
    ],
    "window": 9
}