{
    "macroF": 0.75887012716281,
    "recall": [
        0.9607843137254902,
        0.8421052631578947,
        0.45454545454545453
    ],
    "cm": [
        [
            98,
            2,
            2
        ],
        [
            1,
            16,
            2
        ],
        [
            4,
            2,
            5
        ]
    ],
    "window": 9
}