{
    "macroF": 0.7732203080849512,
    "recall": [
        0.8647058823529412,
        0.8125,
        0.9444444444444444
    ],
    "cm": [
        [
            147,
            10,
            13
        ],
        [
            1,
            26,
            5
        ],
        [
            0,
            1,
            17
        ]
    ],
    "window": 9
}