{
    "macroF": 0.8092876021882107,
    "recall": [
        0.9473684210526315,
        0.7419354838709677,
        0.7894736842105263
    ],
    "cm": [
        [
            162,
            4,
            5
        ],
        [
            3,
            23,
            5
        ],
        [
            4,
            0,
            15
        ]
    ],
    "window": 9
}