{
    "macroF": 0.8287888263498019,
    "recall": [
        0.9705882352941176,
        0.8421052631578947,
        0.6363636363636364
    ],
    "cm": [
        [
            99,
            2,
            1
        ],
        [
            2,
            16,
            1
        ],
        [
            2,
            2,
            7
        ]
    ],
    "window": 9
}