{
    "macroF": 0.7897832092522358,
    "recall": [
        0.935672514619883,
        0.8387096774193549,
        0.631578947368421
    ],
    "cm": [
        [
            160,
            4,
            7
        ],
        [
            3,
            26,
            2
        ],
        [
            5,
            2,
            12
        ]
    ],
    "window": 9
}