{
    "macroF": 0.8233066163759233,
    "recall": [
        0.9509803921568627,
        0.8947368421052632,
        0.6363636363636364
    ],
    "cm": [
        [
            97,
            4,
            1
        ],
        [
            1,
            17,
            1
        ],
        [
            2,
            2,
            7
        ]
    ],
    "window": 9
}