{
    "macroF": 0.763840155945419,
    "recall": [
        0.9415204678362573,
        0.7741935483870968,
        0.5789473684210527
    ],
    "cm": [
        [
            161,
            4,
            6
        ],
        [
            3,
            24,
            4
        ],
        [
            7,
            1,
            11
        ]
    ],
    "window": 9
}