{
    "macroF": 0.8666666666666666,
    "recall": [
        0.9352941176470588,
        0.9375,
        0.8888888888888888
    ],
    "cm": [
        [
            159,
            3,
            8
        ],
        [
            0,
            30,
            2
        ],
        [
            1,
            1,
            16
        ]
    ],
    "window": 9
}