{
    "macroF": 0.782157501966223,
    "recall": [
        0.883495145631068,
        0.7222222222222222,
        0.9166666666666666
    ],
    "cm": [
        [
            91,
            5,
            7
        ],
        [
            4,
            13,
            1
        ],
        [
            1,
            0,
            11
        ]
    ],
    "window": 9
}