{
    "macroF": 0.7668210568255391,
    "recall": [
        0.8921568627450981,
        0.8421052631578947,
        0.7272727272727273
    ],
    "cm": [
        [
            91,
            9,
            2
        ],
        [
            0,
            16,
            3
        ],
        [
            1,
            2,
            8
        ]
    ],
    "window": 9
}