{
    "macroF": 0.8338446842585588,
    "recall": [
        0.9764705882352941,
        0.7419354838709677,
        0.7368421052631579
    ],
    "cm": [
        [
            166,
            2,
            2
        ],
        [
            6,
            23,
            2
        ],
        [
            2,
            3,
            14
        ]
    ],
    "window": 9
}