{
    "macroF": 0.7092137826004188,
    "recall": [
        0.9901960784313726,
        0.5789473684210527,
        0.5454545454545454
    ],
    "cm": [
        [
            101,
            0,
            1
        ],
        [
            2,
            11,
            6
        ],
        [
            1,
            4,
            6
        ]
    ],
    "window": 9
}