{
    "macroF": 0.8079578963949251,
    "recall": [
        0.9470588235294117,
        0.7419354838709677,
        0.7894736842105263
    ],
    "cm": [
        [
            161,
            5,
            4
        ],
        [
            4,
            23,
            4
        ],
        [
            2,
            2,
            15
        ]
    ],
    "window": 9
}