{
    "macroF": 0.7493627230469336,
    "recall": [
        0.9803921568627451,
        0.8421052631578947,
        0.36363636363636365
    ],
    "cm": [
        [
            100,
            1,
            1
        ],
        [
            1,
            16,
            2
        ],
        [
            5,
            2,
            4
        ]
    ],
    "window": 9
}