{
    "macroF": 0.7937307303893046,
    "recall": [
        0.9215686274509803,
        0.9473684210526315,
        0.6363636363636364
    ],
    "cm": [
        [
            94,
            4,
            4
        ],
        [
            0,
            18,
            1
        ],
        [
            1,
            3,
            7
        ]
    ],
    "window": 9
}