{
    "macroF": 0.8419701146090235,
    "recall": [
        0.9705882352941176,
        0.8387096774193549,
        0.7368421052631579
    ],
    "cm": [
        [
            165,
            2,
            3
        ],
        [
            1,
            26,
            4
        ],
        [
            3,
            2,
            14
        ]
    ],
    "window": 9
}