{
    "macroF": 0.7553535353535353,
    "recall": [
        0.8921568627450981,
        0.8947368421052632,
        0.6363636363636364
    ],
    "cm": [
        [
            91,
            5,
            6
        ],
        [
            1,
            17,
            1
        ],
        [
            1,
            3,
            7
        ]
    ],
    "window": 9
}