{
    "macroF": 0.8141577491196781,
    "recall": [
        0.9029126213592233,
        0.8333333333333334,
        0.9166666666666666
    ],
    "cm": [
        [
            93,
            4,
            6
        ],
        [
            0,
            15,
            3
        ],
        [
            1,
            0,
            11
        ]
    ],
    "window": 9
}