{
    "macroF": 0.75775468805059,
    "recall": [
        0.9215686274509803,
        0.8421052631578947,
        0.6363636363636364
    ],
    "cm": [
        [
            94,
            3,
            5
        ],
        [
            0,
            16,
            3
        ],
        [
            1,
            3,
            7
        ]
    ],
    "window": 9
}