{
    "macroF": 0.6150679031113814,
    "recall": [
        0.9705882352941176,
        0.47368421052631576,
        0.36363636363636365
    ],
    "cm": [
        [
            99,
            0,
            3
        ],
        [
            5,
            9,
            5
        ],
        [
            2,
            5,
            4
        ]
    ],
    "window": 9
}