{
    "macroF": 0.8491348759641442,
    "recall": [
        0.9803921568627451,
        0.8947368421052632,
        0.6363636363636364
    ],
    "cm": [
        [
            100,
            1,
            1
        ],
        [
            1,
            17,
            1
        ],
        [
            2,
            2,
            7
        ]
    ],
    "window": 9
}