{
    "macroF": 0.6996511942164116,
    "recall": [
        0.9901960784313726,
        0.5263157894736842,
        0.5454545454545454
    ],
    "cm": [
        [
            101,
            0,
            1
        ],
        [
            4,
            10,
            5
        ],
        [
            1,
            4,
            6
        ]
    ],
    "window": 9
}