{
    "macroF": 0.739288203205729,
    "recall": [
        0.8921568627450981,
        0.9473684210526315,
        0.5454545454545454
    ],
    "cm": [
        [
            91,
            2,
            9
        ],
        [
            1,
            18,
            0
        ],
        [
            0,
            5,
            6
        ]
    ],
    "window": 9
}