{
    "macroF": 0.7523418741756941,
    "recall": [
        0.9411764705882353,
        0.7894736842105263,
        0.5454545454545454
    ],
    "cm": [
        [
            96,
            2,
            4
        ],
        [
            2,
            15,
            2
        ],
        [
            3,
            2,
            6
        ]
    ],
    "window": 9
}