{
    "macroF": 0.7888576694704105,
    "recall": [
        0.9029126213592233,
        0.7222222222222222,
        0.9166666666666666
    ],
    "cm": [
        [
            93,
            5,
            5
        ],
        [
            2,
            13,
            3
        ],
        [
            1,
            0,
            11
        ]
    ],
    "window": 9
}