{
    "macroF": 0.7688949938949939,
    "recall": [
        0.9019607843137255,
        1.0,
        0.5454545454545454
    ],
    "cm": [
        [
            92,
            6,
            4
        ],
        [
            0,
            19,
            0
        ],
        [
            1,
            4,
            6
        ]
    ],
    "window": 9
}