{
    "macroF": 0.7858885782533714,
    "recall": [
        0.9235294117647059,
        0.9375,
        0.6111111111111112
    ],
    "cm": [
        [
            157,
            3,
            10
        ],
        [
            0,
            30,
            2
        ],
        [
            3,
            4,
            11
        ]
    ],
    "window": 9
}