{
    "macroF": 0.7997394379303927,
    "recall": [
        0.9313725490196079,
        1.0,
        0.5454545454545454
    ],
    "cm": [
        [
            95,
            4,
            3
        ],
        [
            0,
            19,
            0
        ],
        [
            2,
            3,
            6
        ]
    ],
    "window": 9
}