{
    "macroF": 0.7982618446874125,
    "recall": [
        0.9607843137254902,
        0.8947368421052632,
        0.5454545454545454
    ],
    "cm": [
        [
            98,
            2,
            2
        ],
        [
            1,
            17,
            1
        ],
        [
            2,
            3,
            6
        ]
    ],
    "window": 9
}