{
    "macroF": 0.782577470839514,
    "recall": [
        0.9529411764705882,
        0.6774193548387096,
        0.7368421052631579
    ],
    "cm": [
        [
            162,
            4,
            4
        ],
        [
            6,
            21,
            4
        ],
        [
            2,
            3,
            14
        ]
    ],
    "window": 9
}