{
    "macroF": 0.7924941724941726,
    "recall": [
        0.9117647058823529,
        1.0,
        0.6363636363636364
    ],
    "cm": [
        [
            93,
            2,
            7
        ],
        [
            0,
            19,
            0
        ],
        [
            0,
            4,
            7
        ]
    ],
    "window": 9
}