{
    "macroF": 0.7927556363470069,
    "recall": [
        0.8932038834951457,
        0.7777777777777778,
        0.9166666666666666
    ],
    "cm": [
        [
            92,
            5,
            6
        ],
        [
            1,
            14,
            3
        ],
        [
            1,
            0,
            11
        ]
    ],
    "window": 9
}