{
    "macroF": 0.7800807439982697,
    "recall": [
        0.8921568627450981,
        1.0,
        0.6363636363636364
    ],
    "cm": [
        [
            91,
            3,
            8
        ],
        [
            0,
            19,
            0
        ],
        [
            1,
            3,
            7
        ]
    ],
    "window": 9
}