{
    "macroF": 0.6258982643854724,
    "recall": [
        0.8137254901960784,
        0.7368421052631579,
        0.5454545454545454
    ],
    "cm": [
        [
            83,
            12,
            7
        ],
        [
            0,
            14,
            5
        ],
        [
            1,
            4,
            6
        ]
    ],
    "window": 9
}