{
    "macroF": 0.7921696140108692,
    "recall": [
        0.9176470588235294,
        0.875,
        0.7222222222222222
    ],
    "cm": [
        [
            156,
            5,
            9
        ],
        [
            1,
            28,
            3
        ],
        [
            2,
            3,
            13
        ]
    ],
    "window": 9
}