{
    "macroF": 0.7873750243608271,
    "recall": [
        0.9313725490196079,
        0.8421052631578947,
        0.6363636363636364
    ],
    "cm": [
        [
            95,
            4,
            3
        ],
        [
            2,
            16,
            1
        ],
        [
            2,
            2,
            7
        ]
    ],
    "window": 9
}