{
    "macroF": 0.7673494983277592,
    "recall": [
        0.8823529411764706,
        1.0,
        0.6363636363636364
    ],
    "cm": [
        [
            90,
            4,
            8
        ],
        [
            0,
            19,
            0
        ],
        [
            0,
            4,
            7
        ]
    ],
    "window": 9
}