{
    "macroF": 0.748533950617284,
    "recall": [
        0.8725490196078431,
        0.9473684210526315,
        0.6363636363636364
    ],
    "cm": [
        [
            89,
            5,
            8
        ],
        [
            0,
            18,
            1
        ],
        [
            1,
            3,
            7
        ]
    ],
    "window": 9
}