{
    "macroF": 0.7948211209080774,
    "recall": [
        0.9803921568627451,
        0.631578947368421,
        0.7272727272727273
    ],
    "cm": [
        [
            100,
            1,
            1
        ],
        [
            4,
            12,
            3
        ],
        [
            2,
            1,
            8
        ]
    ],
    "window": 9
}