{
    "macroF": 0.816469681530258,
    "recall": [
        0.9411764705882353,
        0.78125,
        0.8333333333333334
    ],
    "cm": [
        [
            160,
            5,
            5
        ],
        [
            2,
            25,
            5
        ],
        [
            2,
            1,
            15
        ]
    ],
    "window": 9
}