{
    "macroF": 0.8176505664877758,
    "recall": [
        0.9117647058823529,
        1.0,
        0.7272727272727273
    ],
    "cm": [
        [
            93,
            2,
            7
        ],
        [
            0,
            19,
            0
        ],
        [
            0,
            3,
            8
        ]
    ],
    "window": 9
}