{
    "macroF": 0.7690401467990603,
    "recall": [
        0.9415204678362573,
        0.7096774193548387,
        0.6842105263157895
    ],
    "cm": [
        [
            161,
            4,
            6
        ],
        [
            3,
            22,
            6
        ],
        [
            6,
            0,
            13
        ]
    ],
    "window": 9
}