{
    "macroF": 0.8232943469785575,
    "recall": [
        0.9532163742690059,
        0.8387096774193549,
        0.6842105263157895
    ],
    "cm": [
        [
            163,
            3,
            5
        ],
        [
            2,
            26,
            3
        ],
        [
            6,
            0,
            13
        ]
    ],
    "window": 9
}