{
  "macroF": 0.8937603420755905,
  "recall": [
    0.970873786407767,
    0.8888888888888888,
    0.8333333333333334
  ],
  "cm": [
    [
      100,
      0,
      3
    ],
    [
      1,
      16,
      1
    ],
    [
      2,
      0,
      10
    ]
  ],
  "window": 13
}