{
  "macroF": 0.8925545469023729,
  "recall": [
    0.9902912621359223,
    0.8888888888888888,
    0.75
  ],
  "cm": [
    [
      102,
      0,
      1
    ],
    [
      1,
      16,
      1
    ],
    [
      2,
      1,
      9
    ]
  ],
  "window": 13
}