{
  "macroF": 0.8675306978832783,
  "recall": [0.98058252, 0.94444444, 0.66666667],
  "cm": [[101,   1,   1], [  0,  17,   1], [  2,   2,   8]],
  "window": 5
}