{
  "macroF": 0.8752048967735243,
  "recall": [
    0.9611650485436893,
    0.8888888888888888,
    0.8333333333333334
  ],
  "cm": [
    [
      99,
      0,
      4
    ],
    [
      1,
      16,
      1
    ],
    [
      1,
      1,
      10
    ]
  ],
  "window": 9
}