{
  "macroF": 0.8800437083045779,
  "recall": [
    0.9805825242718447,
    0.8888888888888888,
    0.75
  ],
  "cm": [
    [
      101,
      0,
      2
    ],
    [
      1,
      16,
      1
    ],
    [
      2,
      1,
      9
    ]
  ],
  "window": 13
}