{
    "macroF": 0.8610582059738933,
    "recall": [
        0.9611650485436893,
        0.9444444444444444,
        0.6666666666666666
    ],
    "cm": [
        [
            99,
            2,
            2
        ],
        [
            1,
            17,
            0
        ],
        [
            3,
            1,
            8
        ]
    ],
    "window": 9
}