{
    "macroF": 0.9030224575855644,
    "recall": [
        0.9901960784313726,
        0.7368421052631579,
        1.0
    ],
    "cm": [
        [
            101,
            0,
            1
        ],
        [
            3,
            14,
            2
        ],
        [
            0,
            0,
            11
        ]
    ],
    "window": 9
}