{
    "macroF": 0.72471087688479,
    "recall": [
        0.9607843137254902,
        0.631578947368421,
        0.5454545454545454
    ],
    "cm": [
        [
            98,
            1,
            3
        ],
        [
            3,
            12,
            4
        ],
        [
            4,
            1,
            6
        ]
    ],
    "window": 9
}