{
    "macroF": 0.7260095781834912,
    "recall": [
        0.9607843137254902,
        0.631578947368421,
        0.5454545454545454
    ],
    "cm": [
        [
            98,
            2,
            2
        ],
        [
            4,
            12,
            3
        ],
        [
            3,
            2,
            6
        ]
    ],
    "window": 9
}