{
    "macroF": 0.7862835249042147,
    "recall": [
        0.9607843137254902,
        0.7894736842105263,
        0.6363636363636364
    ],
    "cm": [
        [
            98,
            1,
            3
        ],
        [
            0,
            15,
            4
        ],
        [
            3,
            1,
            7
        ]
    ],
    "window": 9
}