{
    "macroF": 0.7860894660894661,
    "recall": [
        0.9411764705882353,
        0.8421052631578947,
        0.6363636363636364
    ],
    "cm": [
        [
            96,
            4,
            2
        ],
        [
            1,
            16,
            2
        ],
        [
            1,
            3,
            7
        ]
    ],
    "window": 9
}