{
    "macroF": 0.8392063838863052,
    "recall": [
        0.9411764705882353,
        0.9473684210526315,
        0.7272727272727273
    ],
    "cm": [
        [
            96,
            3,
            3
        ],
        [
            0,
            18,
            1
        ],
        [
            1,
            2,
            8
        ]
    ],
    "window": 9
}