{
    "macroF": 0.8484695381247106,
    "recall": [
        0.941747572815534,
        1.0,
        0.6666666666666666
    ],
    "cm": [
        [
            97,
            2,
            4
        ],
        [
            0,
            18,
            0
        ],
        [
            3,
            1,
            8
        ]
    ],
    "window": 9
}