{
    "macroF": 0.8232120991494853,
    "recall": [
        0.9411764705882353,
        0.9473684210526315,
        0.6363636363636364
    ],
    "cm": [
        [
            96,
            2,
            4
        ],
        [
            1,
            18,
            0
        ],
        [
            2,
            2,
            7
        ]
    ],
    "window": 9
}