{
    "macroF": 0.7247578975489214,
    "recall": [
        0.9705882352941176,
        0.5789473684210527,
        0.5454545454545454
    ],
    "cm": [
        [
            99,
            0,
            3
        ],
        [
            5,
            11,
            3
        ],
        [
            4,
            1,
            6
        ]
    ],
    "window": 9
}