{
    "macroF": 0.80010582010582,
    "recall": [
        0.9215686274509803,
        0.8421052631578947,
        0.7272727272727273
    ],
    "cm": [
        [
            94,
            1,
            7
        ],
        [
            1,
            16,
            2
        ],
        [
            3,
            0,
            8
        ]
    ],
    "window": 9
}