{
    "macroF": 0.8445454545454544,
    "recall": [
        0.9509803921568627,
        1.0,
        0.6363636363636364
    ],
    "cm": [
        [
            97,
            3,
            2
        ],
        [
            0,
            19,
            0
        ],
        [
            1,
            3,
            7
        ]
    ],
    "window": 9
}