{
    "macroF": 0.877417120035862,
    "recall": [
        0.9803921568627451,
        0.8947368421052632,
        0.7272727272727273
    ],
    "cm": [
        [
            100,
            0,
            2
        ],
        [
            2,
            17,
            0
        ],
        [
            1,
            2,
            8
        ]
    ],
    "window": 9
}