{
    "macroF": 0.7967214663643235,
    "recall": [
        0.9019607843137255,
        0.8421052631578947,
        0.8181818181818182
    ],
    "cm": [
        [
            92,
            1,
            9
        ],
        [
            0,
            16,
            3
        ],
        [
            2,
            0,
            9
        ]
    ],
    "window": 9
}