{
    "macroF": 0.8112121212121212,
    "recall": [
        0.9509803921568627,
        1.0,
        0.5454545454545454
    ],
    "cm": [
        [
            97,
            2,
            3
        ],
        [
            0,
            19,
            0
        ],
        [
            1,
            4,
            6
        ]
    ],
    "window": 9
}