{
    "macroF": 0.823529411764706,
    "recall": [
        0.9705882352941176,
        0.7894736842105263,
        0.7272727272727273
    ],
    "cm": [
        [
            99,
            1,
            2
        ],
        [
            1,
            15,
            3
        ],
        [
            2,
            1,
            8
        ]
    ],
    "window": 9
}