{
    "macroF": 0.838034188034188,
    "recall": [
        1.0,
        0.7894736842105263,
        0.6363636363636364
    ],
    "cm": [
        [
            102,
            0,
            0
        ],
        [
            2,
            15,
            2
        ],
        [
            2,
            2,
            7
        ]
    ],
    "window": 9
}