{
    "macroF": 0.7776556776556776,
    "recall": [
        0.9803921568627451,
        0.7368421052631579,
        0.5454545454545454
    ],
    "cm": [
        [
            100,
            1,
            1
        ],
        [
            2,
            14,
            3
        ],
        [
            4,
            1,
            6
        ]
    ],
    "window": 9
}