{
    "macroF": 0.8258815800279216,
    "recall": [
        0.9313725490196079,
        0.9473684210526315,
        0.7272727272727273
    ],
    "cm": [
        [
            95,
            2,
            5
        ],
        [
            0,
            18,
            1
        ],
        [
            1,
            2,
            8
        ]
    ],
    "window": 9
}