{
    "macroF": 0.7896538374557762,
    "recall": [
        0.9313725490196079,
        0.9473684210526315,
        0.5454545454545454
    ],
    "cm": [
        [
            95,
            5,
            2
        ],
        [
            1,
            18,
            0
        ],
        [
            1,
            4,
            6
        ]
    ],
    "window": 9
}