{
    "macroF": 0.729732868757259,
    "recall": [
        0.9509803921568627,
        0.6842105263157895,
        0.5454545454545454
    ],
    "cm": [
        [
            97,
            2,
            3
        ],
        [
            2,
            13,
            4
        ],
        [
            4,
            1,
            6
        ]
    ],
    "window": 9
}