{
    "macroF": 0.876797385620915,
    "recall": [
        0.9803921568627451,
        0.8947368421052632,
        0.7272727272727273
    ],
    "cm": [
        [
            100,
            1,
            1
        ],
        [
            2,
            17,
            0
        ],
        [
            0,
            3,
            8
        ]
    ],
    "window": 9
}