{
    "macroF": 0.8914865091335679,
    "recall": [
        0.9514563106796117,
        0.9444444444444444,
        0.8333333333333334
    ],
    "cm": [
        [
            98,
            1,
            4
        ],
        [
            1,
            17,
            0
        ],
        [
            2,
            0,
            10
        ]
    ],
    "window": 9
}