{
    "macroF": 0.7838024044920596,
    "recall": [
        0.9411764705882353,
        0.7894736842105263,
        0.6363636363636364
    ],
    "cm": [
        [
            96,
            4,
            2
        ],
        [
            2,
            15,
            2
        ],
        [
            3,
            1,
            7
        ]
    ],
    "window": 9
}