{
    "macroF": 0.9440036985668053,
    "recall": [
        0.9805825242718447,
        0.9444444444444444,
        0.9166666666666666
    ],
    "cm": [
        [
            101,
            0,
            2
        ],
        [
            1,
            17,
            0
        ],
        [
            1,
            0,
            11
        ]
    ],
    "window": 9
}