{
    "macroF": 0.8412229391545559,
    "recall": [
        0.9803921568627451,
        0.7894736842105263,
        0.7272727272727273
    ],
    "cm": [
        [
            100,
            1,
            1
        ],
        [
            1,
            15,
            3
        ],
        [
            3,
            0,
            8
        ]
    ],
    "window": 9
}