{
    "macroF": 0.8700835240318456,
    "recall": [
        0.9607843137254902,
        0.9473684210526315,
        0.7272727272727273
    ],
    "cm": [
        [
            98,
            2,
            2
        ],
        [
            1,
            18,
            0
        ],
        [
            1,
            2,
            8
        ]
    ],
    "window": 9
}