{
    "macroF": 0.769398858695251,
    "recall": [
        0.9764705882352941,
        0.71875,
        0.5555555555555556
    ],
    "cm": [
        [
            166,
            2,
            2
        ],
        [
            3,
            23,
            6
        ],
        [
            7,
            1,
            10
        ]
    ],
    "window": 9
}