{
    "macroF": 0.7775478870579735,
    "recall": [
        0.9588235294117647,
        0.65625,
        0.6666666666666666
    ],
    "cm": [
        [
            163,
            1,
            6
        ],
        [
            8,
            21,
            3
        ],
        [
            6,
            0,
            12
        ]
    ],
    "window": 9
}