{
    "macroF": 0.7593957593957593,
    "recall": [
        0.9294117647058824,
        0.90625,
        0.5
    ],
    "cm": [
        [
            158,
            7,
            5
        ],
        [
            2,
            29,
            1
        ],
        [
            3,
            6,
            9
        ]
    ],
    "window": 9
}