{
    "macroF": 0.7944376091744513,
    "recall": [
        0.9823529411764705,
        0.6451612903225806,
        0.631578947368421
    ],
    "cm": [
        [
            167,
            3,
            0
        ],
        [
            9,
            20,
            2
        ],
        [
            4,
            3,
            12
        ]
    ],
    "window": 9
}