{
    "macroF": 0.7347972894840306,
    "recall": [
        0.9823529411764705,
        0.5806451612903226,
        0.47368421052631576
    ],
    "cm": [
        [
            167,
            3,
            0
        ],
        [
            12,
            18,
            1
        ],
        [
            6,
            4,
            9
        ]
    ],
    "window": 9
}