{
    "macroF": 0.6906421288383333,
    "recall": [
        0.9941176470588236,
        0.3870967741935484,
        0.5263157894736842
    ],
    "cm": [
        [
            169,
            1,
            0
        ],
        [
            16,
            12,
            3
        ],
        [
            6,
            3,
            10
        ]
    ],
    "window": 9
}