{
    "macroF": 0.8076543209876542,
    "recall": [
        0.9882352941176471,
        0.6451612903225806,
        0.6842105263157895
    ],
    "cm": [
        [
            168,
            1,
            1
        ],
        [
            8,
            20,
            3
        ],
        [
            4,
            2,
            13
        ]
    ],
    "window": 9
}