{
    "macroF": 0.7402492031295277,
    "recall": [
        0.9649122807017544,
        0.6451612903225806,
        0.5263157894736842
    ],
    "cm": [
        [
            165,
            5,
            1
        ],
        [
            7,
            20,
            4
        ],
        [
            7,
            2,
            10
        ]
    ],
    "window": 9
}