{
    "macroF": 0.81471693680996,
    "recall": [
        0.9705882352941176,
        0.84375,
        0.5555555555555556
    ],
    "cm": [
        [
            165,
            4,
            1
        ],
        [
            4,
            27,
            1
        ],
        [
            5,
            3,
            10
        ]
    ],
    "window": 9
}