{
    "macroF": 0.8052170126442458,
    "recall": [
        0.9705882352941176,
        0.75,
        0.6666666666666666
    ],
    "cm": [
        [
            165,
            3,
            2
        ],
        [
            4,
            24,
            4
        ],
        [
            4,
            2,
            12
        ]
    ],
    "window": 9
}