{
    "macroF": 0.6372094915660741,
    "recall": [
        0.9590643274853801,
        0.4838709677419355,
        0.3684210526315789
    ],
    "cm": [
        [
            164,
            2,
            5
        ],
        [
            14,
            15,
            2
        ],
        [
            7,
            5,
            7
        ]
    ],
    "window": 9
}