{
    "macroF": 0.7917285989540325,
    "recall": [
        0.9649122807017544,
        0.7419354838709677,
        0.631578947368421
    ],
    "cm": [
        [
            165,
            1,
            5
        ],
        [
            4,
            23,
            4
        ],
        [
            6,
            1,
            12
        ]
    ],
    "window": 9
}