{
    "macroF": 0.7738499048843877,
    "recall": [
        0.9590643274853801,
        0.6774193548387096,
        0.631578947368421
    ],
    "cm": [
        [
            164,
            2,
            5
        ],
        [
            7,
            21,
            3
        ],
        [
            6,
            1,
            12
        ]
    ],
    "window": 9
}