{
    "macroF": 0.7559078212920722,
    "recall": [
        0.9532163742690059,
        0.7419354838709677,
        0.5263157894736842
    ],
    "cm": [
        [
            163,
            3,
            5
        ],
        [
            7,
            23,
            1
        ],
        [
            5,
            4,
            10
        ]
    ],
    "window": 9
}