{
    "macroF": 0.6404382811162472,
    "recall": [
        0.9473684210526315,
        0.5161290322580645,
        0.3684210526315789
    ],
    "cm": [
        [
            162,
            4,
            5
        ],
        [
            13,
            16,
            2
        ],
        [
            8,
            4,
            7
        ]
    ],
    "window": 9
}