{
    "macroF": 0.7908346134152585,
    "recall": [
        0.9705882352941176,
        0.78125,
        0.6111111111111112
    ],
    "cm": [
        [
            165,
            2,
            3
        ],
        [
            3,
            25,
            4
        ],
        [
            3,
            4,
            11
        ]
    ],
    "window": 9
}