{
    "macroF": 0.8057281880811292,
    "recall": [
        0.9882352941176471,
        0.5806451612903226,
        0.7368421052631579
    ],
    "cm": [
        [
            168,
            1,
            1
        ],
        [
            10,
            18,
            3
        ],
        [
            4,
            1,
            14
        ]
    ],
    "window": 9
}