{
    "macroF": 0.812101499345546,
    "recall": [
        0.9764705882352941,
        0.6451612903225806,
        0.7368421052631579
    ],
    "cm": [
        [
            166,
            3,
            1
        ],
        [
            9,
            20,
            2
        ],
        [
            2,
            3,
            14
        ]
    ],
    "window": 9
}