{
    "macroF": 0.8436748436748437,
    "recall": [
        0.9313725490196079,
        1.0,
        0.7272727272727273
    ],
    "cm": [
        [
            95,
            2,
            5
        ],
        [
            0,
            19,
            0
        ],
        [
            1,
            2,
            8
        ]
    ],
    "window": 9
}