{
    "macroF": 0.8440613026819923,
    "recall": [
        0.9607843137254902,
        0.9473684210526315,
        0.6363636363636364
    ],
    "cm": [
        [
            98,
            1,
            3
        ],
        [
            1,
            18,
            0
        ],
        [
            2,
            2,
            7
        ]
    ],
    "window": 9
}