{
    "macroF": 0.7606084175957134,
    "recall": [
        0.9313725490196079,
        0.7894736842105263,
        0.5454545454545454
    ],
    "cm": [
        [
            95,
            6,
            1
        ],
        [
            3,
            15,
            1
        ],
        [
            3,
            2,
            6
        ]
    ],
    "window": 9
}