{
    "macroF": 0.7216247408360655,
    "recall": [
        0.9117647058823529,
        0.8947368421052632,
        0.45454545454545453
    ],
    "cm": [
        [
            93,
            2,
            7
        ],
        [
            2,
            17,
            0
        ],
        [
            1,
            5,
            5
        ]
    ],
    "window": 9
}