{
    "macroF": 0.8870509607351712,
    "recall": [
        0.9901960784313726,
        0.7894736842105263,
        0.7272727272727273
    ],
    "cm": [
        [
            101,
            1,
            0
        ],
        [
            4,
            15,
            0
        ],
        [
            3,
            0,
            8
        ]
    ],
    "window": 9
}