{
    "macroF": 0.7896614825587743,
    "recall": [
        0.9803921568627451,
        0.8947368421052632,
        0.45454545454545453
    ],
    "cm": [
        [
            100,
            0,
            2
        ],
        [
            1,
            17,
            1
        ],
        [
            3,
            3,
            5
        ]
    ],
    "window": 9
}