{
    "macroF": 0.8544151438888282,
    "recall": [
        0.9803921568627451,
        0.8421052631578947,
        0.6363636363636364
    ],
    "cm": [
        [
            100,
            1,
            1
        ],
        [
            3,
            16,
            0
        ],
        [
            3,
            1,
            7
        ]
    ],
    "window": 9
}