{
    "macroF": 0.7835591689250224,
    "recall": [
        0.9705882352941176,
        0.8947368421052632,
        0.45454545454545453
    ],
    "cm": [
        [
            99,
            2,
            1
        ],
        [
            1,
            17,
            1
        ],
        [
            3,
            3,
            5
        ]
    ],
    "window": 9
}