{
    "macroF": 0.753363157560759,
    "recall": [
        0.9803921568627451,
        0.631578947368421,
        0.6363636363636364
    ],
    "cm": [
        [
            100,
            0,
            2
        ],
        [
            3,
            12,
            4
        ],
        [
            1,
            3,
            7
        ]
    ],
    "window": 9
}