{
    "macroF": 0.8054236950788676,
    "recall": [
        0.941747572815534,
        0.6666666666666666,
        0.9166666666666666
    ],
    "cm": [
        [
            97,
            3,
            3
        ],
        [
            2,
            12,
            4
        ],
        [
            1,
            0,
            11
        ]
    ],
    "window": 9
}