{
    "macroF": 0.8174603174603173,
    "recall": [
        0.9803921568627451,
        0.7894736842105263,
        0.5454545454545454
    ],
    "cm": [
        [
            100,
            1,
            1
        ],
        [
            4,
            15,
            0
        ],
        [
            4,
            1,
            6
        ]
    ],
    "window": 9
}