{
    "macroF": 0.7924809066272481,
    "recall": [
        0.9117647058823529,
        0.9473684210526315,
        0.6363636363636364
    ],
    "cm": [
        [
            93,
            2,
            7
        ],
        [
            1,
            18,
            0
        ],
        [
            2,
            2,
            7
        ]
    ],
    "window": 9
}