{
    "macroF": 0.8489168780430916,
    "recall": [
        0.9705882352941176,
        0.8947368421052632,
        0.6363636363636364
    ],
    "cm": [
        [
            99,
            0,
            3
        ],
        [
            2,
            17,
            0
        ],
        [
            3,
            1,
            7
        ]
    ],
    "window": 9
}