{
    "macroF": 0.7042739167739168,
    "recall": [
        0.8431372549019608,
        0.6842105263157895,
        0.8181818181818182
    ],
    "cm": [
        [
            86,
            4,
            12
        ],
        [
            3,
            13,
            3
        ],
        [
            1,
            1,
            9
        ]
    ],
    "window": 9
}