{
    "macroF": 0.7843308652132182,
    "recall": [
        0.9705882352941176,
        0.6842105263157895,
        0.6363636363636364
    ],
    "cm": [
        [
            99,
            1,
            2
        ],
        [
            4,
            13,
            2
        ],
        [
            3,
            1,
            7
        ]
    ],
    "window": 9
}