{
    "macroF": 0.7366265853074898,
    "recall": [
        0.8737864077669902,
        0.7222222222222222,
        0.75
    ],
    "cm": [
        [
            90,
            4,
            9
        ],
        [
            3,
            13,
            2
        ],
        [
            3,
            0,
            9
        ]
    ],
    "window": 9
}