{
    "macroF": 0.741101491101491,
    "recall": [
        0.9215686274509803,
        0.9473684210526315,
        0.45454545454545453
    ],
    "cm": [
        [
            94,
            1,
            7
        ],
        [
            0,
            18,
            1
        ],
        [
            2,
            4,
            5
        ]
    ],
    "window": 9
}