{
    "macroF": 0.7644586894586894,
    "recall": [
        0.9901960784313726,
        0.6842105263157895,
        0.5454545454545454
    ],
    "cm": [
        [
            101,
            0,
            1
        ],
        [
            4,
            13,
            2
        ],
        [
            1,
            4,
            6
        ]
    ],
    "window": 9
}