{
    "macroF": 0.8228689849923709,
    "recall": [
        0.9803921568627451,
        1.0,
        0.45454545454545453
    ],
    "cm": [
        [
            100,
            1,
            1
        ],
        [
            0,
            19,
            0
        ],
        [
            3,
            3,
            5
        ]
    ],
    "window": 9
}