{
    "macroF": 0.7861952861952862,
    "recall": [
        0.9215686274509803,
        0.8947368421052632,
        0.6363636363636364
    ],
    "cm": [
        [
            94,
            6,
            2
        ],
        [
            0,
            17,
            2
        ],
        [
            2,
            2,
            7
        ]
    ],
    "window": 9
}