{
    "macroF": 0.8076696571952233,
    "recall": [
        0.883495145631068,
        0.8333333333333334,
        0.9166666666666666
    ],
    "cm": [
        [
            91,
            5,
            7
        ],
        [
            2,
            15,
            1
        ],
        [
            1,
            0,
            11
        ]
    ],
    "window": 9
}