{
    "macroF": 0.7699207374594971,
    "recall": [
        0.8431372549019608,
        0.9473684210526315,
        0.8181818181818182
    ],
    "cm": [
        [
            86,
            4,
            12
        ],
        [
            1,
            18,
            0
        ],
        [
            0,
            2,
            9
        ]
    ],
    "window": 9
}