{
    "macroF": 0.8227438087608506,
    "recall": [
        0.9313725490196079,
        1.0,
        0.6363636363636364
    ],
    "cm": [
        [
            95,
            2,
            5
        ],
        [
            0,
            19,
            0
        ],
        [
            2,
            2,
            7
        ]
    ],
    "window": 9
}