{
    "macroF": 0.7796853988804453,
    "recall": [
        0.9901960784313726,
        0.631578947368421,
        0.6363636363636364
    ],
    "cm": [
        [
            101,
            0,
            1
        ],
        [
            5,
            12,
            2
        ],
        [
            1,
            3,
            7
        ]
    ],
    "window": 9
}