{
    "macroF": 0.7062991303829,
    "recall": [
        0.8155339805825242,
        0.7777777777777778,
        0.75
    ],
    "cm": [
        [
            84,
            4,
            15
        ],
        [
            1,
            14,
            3
        ],
        [
            3,
            0,
            9
        ]
    ],
    "window": 9
}