{
    "macroF": 0.7185258380910554,
    "recall": [
        0.9803921568627451,
        0.5263157894736842,
        0.6363636363636364
    ],
    "cm": [
        [
            100,
            1,
            1
        ],
        [
            4,
            10,
            5
        ],
        [
            1,
            3,
            7
        ]
    ],
    "window": 9
}