{
    "macroF": 0.7840275318301012,
    "recall": [
        0.9313725490196079,
        0.7368421052631579,
        0.7272727272727273
    ],
    "cm": [
        [
            95,
            0,
            7
        ],
        [
            4,
            14,
            1
        ],
        [
            2,
            1,
            8
        ]
    ],
    "window": 9
}