{
    "macroF": 0.802139622829278,
    "recall": [
        0.9320388349514563,
        0.6666666666666666,
        0.9166666666666666
    ],
    "cm": [
        [
            96,
            3,
            4
        ],
        [
            3,
            12,
            3
        ],
        [
            1,
            0,
            11
        ]
    ],
    "window": 9
}