{
    "macroF": 0.7665056360708534,
    "recall": [
        0.9803921568627451,
        0.631578947368421,
        0.6363636363636364
    ],
    "cm": [
        [
            100,
            2,
            0
        ],
        [
            4,
            12,
            3
        ],
        [
            1,
            3,
            7
        ]
    ],
    "window": 9
}