{
    "macroF": 0.889644016666475,
    "recall": [
        0.9705882352941176,
        1.0,
        0.7272727272727273
    ],
    "cm": [
        [
            99,
            1,
            2
        ],
        [
            0,
            19,
            0
        ],
        [
            1,
            2,
            8
        ]
    ],
    "window": 9
}