{
    "macroF": 0.8700549966180445,
    "recall": [
        0.9313725490196079,
        0.9473684210526315,
        0.8181818181818182
    ],
    "cm": [
        [
            95,
            5,
            2
        ],
        [
            1,
            18,
            0
        ],
        [
            1,
            1,
            9
        ]
    ],
    "window": 9
}