{
    "macroF": 0.9144029289660357,
    "recall": [
        0.9901960784313726,
        0.8947368421052632,
        0.8181818181818182
    ],
    "cm": [
        [
            101,
            0,
            1
        ],
        [
            1,
            17,
            1
        ],
        [
            2,
            0,
            9
        ]
    ],
    "window": 9
}