{
    "macroF": 0.8054098021515083,
    "recall": [
        1.0,
        0.5789473684210527,
        0.7272727272727273
    ],
    "cm": [
        [
            102,
            0,
            0
        ],
        [
            6,
            11,
            2
        ],
        [
            1,
            2,
            8
        ]
    ],
    "window": 9
}