{
    "macroF": 0.848142054024407,
    "recall": [
        0.9803921568627451,
        0.6842105263157895,
        0.8181818181818182
    ],
    "cm": [
        [
            100,
            2,
            0
        ],
        [
            4,
            13,
            2
        ],
        [
            2,
            0,
            9
        ]
    ],
    "window": 9
}