{
    "macroF": 0.9177236642583178,
    "recall": [
        0.9705882352941176,
        0.9473684210526315,
        0.9090909090909091
    ],
    "cm": [
        [
            99,
            0,
            3
        ],
        [
            0,
            18,
            1
        ],
        [
            1,
            0,
            10
        ]
    ],
    "window": 9
}