{
    "macroF": 0.8597446961524632,
    "recall": [
        0.9607843137254902,
        0.8947368421052632,
        0.6363636363636364
    ],
    "cm": [
        [
            98,
            4,
            0
        ],
        [
            2,
            17,
            0
        ],
        [
            4,
            0,
            7
        ]
    ],
    "window": 9
}