{
    "macroF": 0.7475271362934132,
    "recall": [
        0.9117647058823529,
        1.0,
        0.45454545454545453
    ],
    "cm": [
        [
            93,
            2,
            7
        ],
        [
            0,
            19,
            0
        ],
        [
            2,
            4,
            5
        ]
    ],
    "window": 9
}