{
    "macroF": 0.8681420550985769,
    "recall": [
        1.0,
        0.8947368421052632,
        0.6363636363636364
    ],
    "cm": [
        [
            102,
            0,
            0
        ],
        [
            0,
            17,
            2
        ],
        [
            3,
            1,
            7
        ]
    ],
    "window": 9
}