{
    "macroF": 0.8327485380116958,
    "recall": [
        0.9803921568627451,
        0.8421052631578947,
        0.5454545454545454
    ],
    "cm": [
        [
            100,
            0,
            2
        ],
        [
            3,
            16,
            0
        ],
        [
            5,
            0,
            6
        ]
    ],
    "window": 9
}