{
    "macroF": 0.8371917577872914,
    "recall": [
        0.9473684210526315,
        0.8387096774193549,
        0.7894736842105263
    ],
    "cm": [
        [
            162,
            4,
            5
        ],
        [
            2,
            26,
            3
        ],
        [
            3,
            1,
            15
        ]
    ],
    "window": 9
}