{
    "macroF": 0.6688034188034188,
    "recall": [
        0.8011695906432749,
        0.5806451612903226,
        0.8947368421052632
    ],
    "cm": [
        [
            137,
            2,
            32
        ],
        [
            3,
            18,
            10
        ],
        [
            1,
            1,
            17
        ]
    ],
    "window": 9
}