{
    "macroF": 0.8345141556409161,
    "recall": [
        0.9352941176470588,
        0.96875,
        0.7222222222222222
    ],
    "cm": [
        [
            159,
            4,
            7
        ],
        [
            0,
            31,
            1
        ],
        [
            1,
            4,
            13
        ]
    ],
    "window": 9
}