{
    "macroF": 0.8305502846299809,
    "recall": [
        0.9473684210526315,
        0.8387096774193549,
        0.7368421052631579
    ],
    "cm": [
        [
            162,
            4,
            5
        ],
        [
            3,
            26,
            2
        ],
        [
            4,
            1,
            14
        ]
    ],
    "window": 9
}