{
    "macroF": 0.7801308130551283,
    "recall": [
        0.9470588235294117,
        0.7419354838709677,
        0.7368421052631579
    ],
    "cm": [
        [
            161,
            4,
            5
        ],
        [
            1,
            23,
            7
        ],
        [
            2,
            3,
            14
        ]
    ],
    "window": 9
}