{
    "macroF": 0.7175050301810865,
    "recall": [
        0.9647058823529412,
        0.4838709677419355,
        0.5789473684210527
    ],
    "cm": [
        [
            164,
            2,
            4
        ],
        [
            15,
            15,
            1
        ],
        [
            6,
            2,
            11
        ]
    ],
    "window": 9
}