{
    "macroF": 0.6451598855294264,
    "recall": [
        0.6529411764705882,
        0.96875,
        0.6666666666666666
    ],
    "cm": [
        [
            111,
            52,
            7
        ],
        [
            0,
            31,
            1
        ],
        [
            1,
            5,
            12
        ]
    ],
    "window": 9
}