{
    "macroF": 0.802402247448687,
    "recall": [
        0.888235294117647,
        0.90625,
        0.8333333333333334
    ],
    "cm": [
        [
            151,
            10,
            9
        ],
        [
            0,
            29,
            3
        ],
        [
            2,
            1,
            15
        ]
    ],
    "window": 9
}