{
    "macroF": 0.8163793022092617,
    "recall": [
        0.935672514619883,
        0.8709677419354839,
        0.6842105263157895
    ],
    "cm": [
        [
            160,
            6,
            5
        ],
        [
            3,
            27,
            1
        ],
        [
            4,
            2,
            13
        ]
    ],
    "window": 9
}