{
    "macroF": 0.7906609519512745,
    "recall": [
        0.9473684210526315,
        0.8064516129032258,
        0.631578947368421
    ],
    "cm": [
        [
            162,
            4,
            5
        ],
        [
            3,
            25,
            3
        ],
        [
            5,
            2,
            12
        ]
    ],
    "window": 9
}