{
    "macroF": 0.7843739091427153,
    "recall": [
        0.9294117647058824,
        0.75,
        0.7222222222222222
    ],
    "cm": [
        [
            158,
            2,
            10
        ],
        [
            6,
            24,
            2
        ],
        [
            4,
            1,
            13
        ]
    ],
    "window": 9
}