{
    "macroF": 0.7954649827784156,
    "recall": [
        0.9529411764705882,
        0.8064516129032258,
        0.6842105263157895
    ],
    "cm": [
        [
            162,
            5,
            3
        ],
        [
            1,
            25,
            5
        ],
        [
            2,
            4,
            13
        ]
    ],
    "window": 9
}