{
    "macroF": 0.8026742025130854,
    "recall": [
        0.9647058823529412,
        0.6451612903225806,
        0.7894736842105263
    ],
    "cm": [
        [
            164,
            4,
            2
        ],
        [
            7,
            20,
            4
        ],
        [
            2,
            2,
            15
        ]
    ],
    "window": 9
}