{
    "macroF": 0.7900224649469362,
    "recall": [
        0.9294117647058824,
        0.875,
        0.6666666666666666
    ],
    "cm": [
        [
            158,
            6,
            6
        ],
        [
            1,
            28,
            3
        ],
        [
            2,
            4,
            12
        ]
    ],
    "window": 9
}