{
    "macroF": 0.853100409272923,
    "recall": [
        0.9647058823529412,
        0.7741935483870968,
        0.7894736842105263
    ],
    "cm": [
        [
            164,
            2,
            4
        ],
        [
            7,
            24,
            0
        ],
        [
            2,
            2,
            15
        ]
    ],
    "window": 9
}