{
    "macroF": 0.7944955098467726,
    "recall": [
        0.9470588235294117,
        0.7419354838709677,
        0.7368421052631579
    ],
    "cm": [
        [
            161,
            3,
            6
        ],
        [
            4,
            23,
            4
        ],
        [
            3,
            2,
            14
        ]
    ],
    "window": 9
}