{
    "macroF": 0.669773452811941,
    "recall": [
        0.8070175438596491,
        0.6774193548387096,
        0.7368421052631579
    ],
    "cm": [
        [
            138,
            4,
            29
        ],
        [
            4,
            21,
            6
        ],
        [
            3,
            2,
            14
        ]
    ],
    "window": 9
}