{
    "macroF": 0.837976437976438,
    "recall": [
        0.9352941176470588,
        0.90625,
        0.7777777777777778
    ],
    "cm": [
        [
            159,
            3,
            8
        ],
        [
            1,
            29,
            2
        ],
        [
            3,
            1,
            14
        ]
    ],
    "window": 9
}