{
    "macroF": 0.8478608769870905,
    "recall": [
        0.9611650485436893,
        0.8888888888888888,
        0.6666666666666666
    ],
    "cm": [
        [
            99,
            4,
            0
        ],
        [
            1,
            16,
            1
        ],
        [
            3,
            1,
            8
        ]
    ],
    "window": 9
}