{
    "macroF": 0.8550793997593211,
    "recall": [
        0.9411764705882353,
        1.0,
        0.7272727272727273
    ],
    "cm": [
        [
            96,
            2,
            4
        ],
        [
            0,
            19,
            0
        ],
        [
            1,
            2,
            8
        ]
    ],
    "window": 9
}