{
    "macroF": 0.7941346973572037,
    "recall": [
        0.9611650485436893,
        0.6666666666666666,
        0.75
    ],
    "cm": [
        [
            99,
            3,
            1
        ],
        [
            3,
            12,
            3
        ],
        [
            2,
            1,
            9
        ]
    ],
    "window": 9
}