{
    "macroF": 0.8457802923149457,
    "recall": [
        0.9705882352941176,
        0.9473684210526315,
        0.6363636363636364
    ],
    "cm": [
        [
            99,
            2,
            1
        ],
        [
            0,
            18,
            1
        ],
        [
            1,
            3,
            7
        ]
    ],
    "window": 9
}