{
    "macroF": 0.8548616134823032,
    "recall": [
        0.9607843137254902,
        0.8947368421052632,
        0.7272727272727273
    ],
    "cm": [
        [
            98,
            2,
            2
        ],
        [
            1,
            17,
            1
        ],
        [
            2,
            1,
            8
        ]
    ],
    "window": 9
}