{
    "macroF": 0.7707835715773098,
    "recall": [
        0.8725490196078431,
        0.8947368421052632,
        0.7272727272727273
    ],
    "cm": [
        [
            89,
            9,
            4
        ],
        [
            1,
            17,
            1
        ],
        [
            1,
            2,
            8
        ]
    ],
    "window": 9
}