{
    "macroF": 0.8185711066035609,
    "recall": [
        0.9607843137254902,
        0.7368421052631579,
        0.8181818181818182
    ],
    "cm": [
        [
            98,
            1,
            3
        ],
        [
            1,
            14,
            4
        ],
        [
            2,
            0,
            9
        ]
    ],
    "window": 9
}