{
    "macroF": 0.7878037946570213,
    "recall": [
        0.9411764705882353,
        0.6842105263157895,
        0.7272727272727273
    ],
    "cm": [
        [
            96,
            2,
            4
        ],
        [
            5,
            13,
            1
        ],
        [
            3,
            0,
            8
        ]
    ],
    "window": 9
}