{
    "macroF": 0.8396254778164325,
    "recall": [
        0.9313725490196079,
        0.8947368421052632,
        0.8181818181818182
    ],
    "cm": [
        [
            95,
            2,
            5
        ],
        [
            1,
            17,
            1
        ],
        [
            1,
            1,
            9
        ]
    ],
    "window": 9
}