{
    "macroF": 0.8591406677613573,
    "recall": [
        0.9607843137254902,
        0.8947368421052632,
        0.7272727272727273
    ],
    "cm": [
        [
            98,
            2,
            2
        ],
        [
            2,
            17,
            0
        ],
        [
            1,
            2,
            8
        ]
    ],
    "window": 9
}