{
    "macroF": 0.6456516818325864,
    "recall": [
        0.8737864077669902,
        0.5,
        0.6666666666666666
    ],
    "cm": [
        [
            90,
            2,
            11
        ],
        [
            3,
            9,
            6
        ],
        [
            3,
            1,
            8
        ]
    ],
    "window": 9
}