{
    "macroF": 0.7646915548469954,
    "recall": [
        0.8725490196078431,
        0.8947368421052632,
        0.7272727272727273
    ],
    "cm": [
        [
            89,
            2,
            11
        ],
        [
            0,
            17,
            2
        ],
        [
            2,
            1,
            8
        ]
    ],
    "window": 9
}