{
    "macroF": 0.8844727462052946,
    "recall": [
        0.9705882352941176,
        0.9473684210526315,
        0.7272727272727273
    ],
    "cm": [
        [
            99,
            2,
            1
        ],
        [
            1,
            18,
            0
        ],
        [
            1,
            2,
            8
        ]
    ],
    "window": 9
}