{
    "macroF": 0.7971014492753623,
    "recall": [
        0.9607843137254902,
        0.7368421052631579,
        0.6363636363636364
    ],
    "cm": [
        [
            98,
            2,
            2
        ],
        [
            4,
            14,
            1
        ],
        [
            3,
            1,
            7
        ]
    ],
    "window": 9
}