{
    "macroF": 0.7349837662337663,
    "recall": [
        0.8529411764705882,
        0.8421052631578947,
        0.7272727272727273
    ],
    "cm": [
        [
            87,
            7,
            8
        ],
        [
            2,
            16,
            1
        ],
        [
            1,
            2,
            8
        ]
    ],
    "window": 9
}