{
    "macroF": 0.8907052832884035,
    "recall": [
        0.9705882352941176,
        0.8947368421052632,
        0.8181818181818182
    ],
    "cm": [
        [
            99,
            1,
            2
        ],
        [
            1,
            17,
            1
        ],
        [
            2,
            0,
            9
        ]
    ],
    "window": 9
}