{
    "macroF": 0.7943448082169796,
    "recall": [
        0.9117647058823529,
        0.6842105263157895,
        0.9090909090909091
    ],
    "cm": [
        [
            93,
            0,
            9
        ],
        [
            5,
            13,
            1
        ],
        [
            1,
            0,
            10
        ]
    ],
    "window": 9
}