{
    "macroF": 0.8501315737795059,
    "recall": [
        0.9705882352941176,
        0.8421052631578947,
        0.7272727272727273
    ],
    "cm": [
        [
            99,
            1,
            2
        ],
        [
            1,
            16,
            2
        ],
        [
            3,
            0,
            8
        ]
    ],
    "window": 9
}