{
    "macroF": 0.8422174840085287,
    "recall": [
        0.9411764705882353,
        0.8947368421052632,
        0.7272727272727273
    ],
    "cm": [
        [
            96,
            4,
            2
        ],
        [
            2,
            17,
            0
        ],
        [
            1,
            2,
            8
        ]
    ],
    "window": 9
}