{
    "macroF": 0.7659379957516604,
    "recall": [
        0.8823529411764706,
        0.7894736842105263,
        0.7272727272727273
    ],
    "cm": [
        [
            90,
            10,
            2
        ],
        [
            3,
            15,
            1
        ],
        [
            1,
            2,
            8
        ]
    ],
    "window": 9
}