{
    "macroF": 0.8212919896640827,
    "recall": [
        0.9411764705882353,
        0.9473684210526315,
        0.6363636363636364
    ],
    "cm": [
        [
            96,
            3,
            3
        ],
        [
            1,
            18,
            0
        ],
        [
            1,
            3,
            7
        ]
    ],
    "window": 9
}