{
    "macroF": 0.8802191587133262,
    "recall": [
        0.9607843137254902,
        0.9473684210526315,
        0.8181818181818182
    ],
    "cm": [
        [
            98,
            2,
            2
        ],
        [
            0,
            18,
            1
        ],
        [
            0,
            2,
            9
        ]
    ],
    "window": 9
}