{
    "macroF": 0.8042206966692093,
    "recall": [
        0.9611650485436893,
        0.8333333333333334,
        0.5833333333333334
    ],
    "cm": [
        [
            99,
            3,
            1
        ],
        [
            2,
            15,
            1
        ],
        [
            3,
            2,
            7
        ]
    ],
    "window": 9
}