{
    "macroF": 0.8341351059797661,
    "recall": [
        0.9803921568627451,
        0.8421052631578947,
        0.6363636363636364
    ],
    "cm": [
        [
            100,
            0,
            2
        ],
        [
            2,
            16,
            1
        ],
        [
            2,
            2,
            7
        ]
    ],
    "window": 9
}