{
    "macroF": 0.8732198865532199,
    "recall": [
        0.9411764705882353,
        0.8947368421052632,
        0.9090909090909091
    ],
    "cm": [
        [
            96,
            1,
            5
        ],
        [
            1,
            17,
            1
        ],
        [
            1,
            0,
            10
        ]
    ],
    "window": 9
}