{
    "macroF": 0.7906675672633119,
    "recall": [
        0.8529411764705882,
        1.0,
        0.8181818181818182
    ],
    "cm": [
        [
            87,
            7,
            8
        ],
        [
            0,
            19,
            0
        ],
        [
            0,
            2,
            9
        ]
    ],
    "window": 9
}