{
    "macroF": 0.8264113628191297,
    "recall": [
        0.9514563106796117,
        0.7777777777777778,
        0.75
    ],
    "cm": [
        [
            98,
            3,
            2
        ],
        [
            3,
            14,
            1
        ],
        [
            2,
            1,
            9
        ]
    ],
    "window": 9
}