{
    "macroF": 0.8978835978835978,
    "recall": [
        1.0,
        0.8947368421052632,
        0.6363636363636364
    ],
    "cm": [
        [
            102,
            0,
            0
        ],
        [
            2,
            17,
            0
        ],
        [
            4,
            0,
            7
        ]
    ],
    "window": 8
}