{
    "macroF": 0.791281686804075,
    "recall": [
        0.9313725490196079,
        0.7368421052631579,
        0.7272727272727273
    ],
    "cm": [
        [
            95,
            7,
            0
        ],
        [
            3,
            14,
            2
        ],
        [
            1,
            2,
            8
        ]
    ],
    "window": 8
}