{
    "macroF": 0.8532712748399023,
    "recall": [
        0.9705882352941176,
        0.7368421052631579,
        0.9090909090909091
    ],
    "cm": [
        [
            99,
            0,
            3
        ],
        [
            2,
            14,
            3
        ],
        [
            1,
            0,
            10
        ]
    ],
    "window": 8
}