{
    "macroF": 0.9348799480856586,
    "recall": [
        0.9705882352941176,
        1.0,
        0.9090909090909091
    ],
    "cm": [
        [
            99,
            1,
            2
        ],
        [
            0,
            19,
            0
        ],
        [
            0,
            1,
            10
        ]
    ],
    "window": 8
}