{
    "macroF": 0.833071583020371,
    "recall": [
        0.9223300970873787,
        0.7777777777777778,
        0.9166666666666666
    ],
    "cm": [
        [
            95,
            3,
            5
        ],
        [
            3,
            14,
            1
        ],
        [
            1,
            0,
            11
        ]
    ],
    "window": 8
}