{
    "macroF": 0.8180797522260937,
    "recall": [
        0.8921568627450981,
        0.9473684210526315,
        0.8181818181818182
    ],
    "cm": [
        [
            91,
            3,
            8
        ],
        [
            1,
            18,
            0
        ],
        [
            1,
            1,
            9
        ]
    ],
    "window": 8
}