{
    "macroF": 0.8694192914141764,
    "recall": [
        0.9607843137254902,
        0.8421052631578947,
        0.8181818181818182
    ],
    "cm": [
        [
            98,
            1,
            3
        ],
        [
            3,
            16,
            0
        ],
        [
            1,
            1,
            9
        ]
    ],
    "window": 8
}