{
    "macroF": 0.8370600414078675,
    "recall": [
        0.8921568627450981,
        0.9473684210526315,
        0.8181818181818182
    ],
    "cm": [
        [
            91,
            8,
            3
        ],
        [
            1,
            18,
            0
        ],
        [
            2,
            0,
            9
        ]
    ],
    "window": 8
}