{
    "macroF": 0.8203431372549019,
    "recall": [
        0.9223300970873787,
        0.7777777777777778,
        0.9166666666666666
    ],
    "cm": [
        [
            95,
            2,
            6
        ],
        [
            1,
            14,
            3
        ],
        [
            1,
            0,
            11
        ]
    ],
    "window": 8
}