{
    "macroF": 0.9120461581761892,
    "recall": [
        0.9705882352941176,
        0.9473684210526315,
        0.8181818181818182
    ],
    "cm": [
        [
            99,
            1,
            2
        ],
        [
            1,
            18,
            0
        ],
        [
            2,
            0,
            9
        ]
    ],
    "window": 8
}