{
    "macroF": 0.9101307189542484,
    "recall": [
        0.9803921568627451,
        1.0,
        0.7272727272727273
    ],
    "cm": [
        [
            100,
            1,
            1
        ],
        [
            0,
            19,
            0
        ],
        [
            2,
            1,
            8
        ]
    ],
    "window": 8
}