{
    "macroF": 0.7899499627382093,
    "recall": [
        0.9411764705882353,
        0.631578947368421,
        0.9090909090909091
    ],
    "cm": [
        [
            96,
            0,
            6
        ],
        [
            3,
            12,
            4
        ],
        [
            1,
            0,
            10
        ]
    ],
    "window": 8
}