{
    "macroF": 0.8475077948762159,
    "recall": [
        0.9803921568627451,
        0.8947368421052632,
        0.5454545454545454
    ],
    "cm": [
        [
            100,
            1,
            1
        ],
        [
            2,
            17,
            0
        ],
        [
            5,
            0,
            6
        ]
    ],
    "window": 8
}