{
    "macroF": 0.8752397028259097,
    "recall": [
        0.9705882352941176,
        0.9473684210526315,
        0.7272727272727273
    ],
    "cm": [
        [
            99,
            1,
            2
        ],
        [
            0,
            18,
            1
        ],
        [
            2,
            1,
            8
        ]
    ],
    "window": 8
}