{
    "macroF": 0.7658381688232435,
    "recall": [
        0.9117647058823529,
        0.7368421052631579,
        0.7272727272727273
    ],
    "cm": [
        [
            93,
            2,
            7
        ],
        [
            5,
            14,
            0
        ],
        [
            1,
            2,
            8
        ]
    ],
    "window": 8
}