{
    "macroF": 0.8375933245498463,
    "recall": [
        1.0,
        0.7368421052631579,
        0.7272727272727273
    ],
    "cm": [
        [
            102,
            0,
            0
        ],
        [
            2,
            14,
            3
        ],
        [
            1,
            2,
            8
        ]
    ],
    "window": 8
}