{
    "macroF": 0.832175767137696,
    "recall": [
        0.9029126213592233,
        0.8888888888888888,
        0.9166666666666666
    ],
    "cm": [
        [
            93,
            3,
            7
        ],
        [
            0,
            16,
            2
        ],
        [
            1,
            0,
            11
        ]
    ],
    "window": 8
}