{
    "macroF": 0.8608107393900957,
    "recall": [
        1.0,
        0.8421052631578947,
        0.5454545454545454
    ],
    "cm": [
        [
            102,
            0,
            0
        ],
        [
            3,
            16,
            0
        ],
        [
            5,
            0,
            6
        ]
    ],
    "window": 8
}