{
    "macroF": 0.8686010103920552,
    "recall": [
        0.9320388349514563,
        0.8888888888888888,
        0.9166666666666666
    ],
    "cm": [
        [
            96,
            3,
            4
        ],
        [
            1,
            16,
            1
        ],
        [
            1,
            0,
            11
        ]
    ],
    "window": 8
}