{
    "macroF": 0.8561537707168775,
    "recall": [
        0.9901960784313726,
        0.6842105263157895,
        0.9090909090909091
    ],
    "cm": [
        [
            101,
            1,
            0
        ],
        [
            2,
            13,
            4
        ],
        [
            1,
            0,
            10
        ]
    ],
    "window": 8
}