{
    "macroF": 0.852663750224726,
    "recall": [
        0.9705882352941176,
        0.8421052631578947,
        0.7272727272727273
    ],
    "cm": [
        [
            99,
            1,
            2
        ],
        [
            2,
            16,
            1
        ],
        [
            2,
            1,
            8
        ]
    ],
    "window": 8
}