{
    "macroF": 0.8194372962772345,
    "recall": [
        0.912621359223301,
        0.8333333333333334,
        0.8333333333333334
    ],
    "cm": [
        [
            94,
            3,
            6
        ],
        [
            2,
            15,
            1
        ],
        [
            2,
            0,
            10
        ]
    ],
    "window": 8
}