{
    "macroF": 0.9010382462394847,
    "recall": [
        0.9901960784313726,
        0.8947368421052632,
        0.8181818181818182
    ],
    "cm": [
        [
            101,
            1,
            0
        ],
        [
            0,
            17,
            2
        ],
        [
            1,
            1,
            9
        ]
    ],
    "window": 8
}