{
    "macroF": 0.860248447204969,
    "recall": [
        1.0,
        0.7894736842105263,
        0.7272727272727273
    ],
    "cm": [
        [
            102,
            0,
            0
        ],
        [
            2,
            15,
            2
        ],
        [
            1,
            2,
            8
        ]
    ],
    "window": 8
}