{
    "macroF": 0.7909977770148188,
    "recall": [
        0.9313725490196079,
        0.8947368421052632,
        0.6363636363636364
    ],
    "cm": [
        [
            95,
            3,
            4
        ],
        [
            1,
            17,
            1
        ],
        [
            1,
            3,
            7
        ]
    ],
    "window": 8
}