{
    "macroF": 0.8386184662544264,
    "recall": [
        0.9901960784313726,
        0.7894736842105263,
        0.5454545454545454
    ],
    "cm": [
        [
            101,
            1,
            0
        ],
        [
            4,
            15,
            0
        ],
        [
            5,
            0,
            6
        ]
    ],
    "window": 8
}