{
    "macroF": 0.8390804597701149,
    "recall": [
        0.9320388349514563,
        0.8333333333333334,
        0.8333333333333334
    ],
    "cm": [
        [
            96,
            2,
            5
        ],
        [
            2,
            15,
            1
        ],
        [
            2,
            0,
            10
        ]
    ],
    "window": 8
}