{
    "macroF": 0.8328945249597423,
    "recall": [
        0.9803921568627451,
        0.6842105263157895,
        0.8181818181818182
    ],
    "cm": [
        [
            100,
            0,
            2
        ],
        [
            3,
            13,
            3
        ],
        [
            2,
            0,
            9
        ]
    ],
    "window": 8
}