{
    "macroF": 0.8698357180710122,
    "recall": [
        0.9611650485436893,
        0.9444444444444444,
        0.75
    ],
    "cm": [
        [
            99,
            1,
            3
        ],
        [
            0,
            17,
            1
        ],
        [
            2,
            1,
            9
        ]
    ],
    "window": 9
}