{
    "macroF": 0.829362695456652,
    "recall": [
        0.9029126213592233,
        0.8888888888888888,
        0.9166666666666666
    ],
    "cm": [
        [
            93,
            6,
            4
        ],
        [
            0,
            16,
            2
        ],
        [
            0,
            1,
            11
        ]
    ],
    "window": 9
}