{
    "macroF": 0.8473389355742297,
    "recall": [
        0.9705882352941176,
        1.0,
        0.5454545454545454
    ],
    "cm": [
        [
            99,
            2,
            1
        ],
        [
            0,
            19,
            0
        ],
        [
            3,
            2,
            6
        ]
    ],
    "window": 9
}