{
    "macroF": 0.892063492063492,
    "recall": [
        0.9805825242718447,
        0.8333333333333334,
        0.75
    ],
    "cm": [
        [
            101,
            2,
            0
        ],
        [
            3,
            15,
            0
        ],
        [
            3,
            0,
            9
        ]
    ],
    "window": 9
}