{
    "macroF": 0.8305820105820105,
    "recall": [
        0.9411764705882353,
        0.8421052631578947,
        0.8181818181818182
    ],
    "cm": [
        [
            96,
            1,
            5
        ],
        [
            0,
            16,
            3
        ],
        [
            2,
            0,
            9
        ]
    ],
    "window": 9
}