{
    "macroF": 0.8098573676463124,
    "recall": [
        0.9215686274509803,
        0.9473684210526315,
        0.6363636363636364
    ],
    "cm": [
        [
            94,
            6,
            2
        ],
        [
            0,
            18,
            1
        ],
        [
            3,
            1,
            7
        ]
    ],
    "window": 9
}