{
    "macroF": 0.7676697019035559,
    "recall": [
        0.9607843137254902,
        0.6842105263157895,
        0.6363636363636364
    ],
    "cm": [
        [
            98,
            2,
            2
        ],
        [
            3,
            13,
            3
        ],
        [
            3,
            1,
            7
        ]
    ],
    "window": 9
}