{
    "macroF": 0.8564605329311211,
    "recall": [
        0.970873786407767,
        0.8888888888888888,
        0.6666666666666666
    ],
    "cm": [
        [
            100,
            0,
            3
        ],
        [
            1,
            16,
            1
        ],
        [
            4,
            0,
            8
        ]
    ],
    "window": 9
}