{
    "macroF": 0.8709930165218873,
    "recall": [
        0.9803921568627451,
        0.8421052631578947,
        0.7272727272727273
    ],
    "cm": [
        [
            100,
            1,
            1
        ],
        [
            3,
            16,
            0
        ],
        [
            1,
            2,
            8
        ]
    ],
    "window": 9
}