{
    "macroF": 0.7316297208538588,
    "recall": [
        0.9509803921568627,
        0.5789473684210527,
        0.7272727272727273
    ],
    "cm": [
        [
            97,
            1,
            4
        ],
        [
            2,
            11,
            6
        ],
        [
            2,
            1,
            8
        ]
    ],
    "window": 9
}