{
    "macroF": 0.8888097583749758,
    "recall": [
        0.970873786407767,
        1.0,
        0.6666666666666666
    ],
    "cm": [
        [
            100,
            1,
            2
        ],
        [
            0,
            18,
            0
        ],
        [
            4,
            0,
            8
        ]
    ],
    "window": 9
}