{
    "macroF": 0.8314687100893998,
    "recall": [
        0.9607843137254902,
        0.8421052631578947,
        0.7272727272727273
    ],
    "cm": [
        [
            98,
            1,
            3
        ],
        [
            0,
            16,
            3
        ],
        [
            3,
            0,
            8
        ]
    ],
    "window": 9
}