{
    "macroF": 0.8702084464009326,
    "recall": [
        0.9803921568627451,
        0.7894736842105263,
        0.8181818181818182
    ],
    "cm": [
        [
            100,
            0,
            2
        ],
        [
            3,
            15,
            1
        ],
        [
            1,
            1,
            9
        ]
    ],
    "window": 9
}