{
    "macroF": 0.8391899288451014,
    "recall": [
        0.9509803921568627,
        0.8421052631578947,
        0.7272727272727273
    ],
    "cm": [
        [
            97,
            3,
            2
        ],
        [
            3,
            16,
            0
        ],
        [
            1,
            2,
            8
        ]
    ],
    "window": 9
}