{
    "macroF": 0.8542699130934425,
    "recall": [
        0.9803921568627451,
        0.8421052631578947,
        0.7272727272727273
    ],
    "cm": [
        [
            100,
            1,
            1
        ],
        [
            2,
            16,
            1
        ],
        [
            0,
            3,
            8
        ]
    ],
    "window": 9
}