{
    "macroF": 0.7604458450046686,
    "recall": [
        0.9509803921568627,
        0.5789473684210527,
        0.8181818181818182
    ],
    "cm": [
        [
            97,
            2,
            3
        ],
        [
            3,
            11,
            5
        ],
        [
            2,
            0,
            9
        ]
    ],
    "window": 9
}