{
    "macroF": 0.8337723995145284,
    "recall": [
        0.941747572815534,
        0.9444444444444444,
        0.6666666666666666
    ],
    "cm": [
        [
            97,
            4,
            2
        ],
        [
            0,
            17,
            1
        ],
        [
            3,
            1,
            8
        ]
    ],
    "window": 9
}