{
    "macroF": 0.8894708455684066,
    "recall": [
        0.9901960784313726,
        0.8421052631578947,
        0.8181818181818182
    ],
    "cm": [
        [
            101,
            0,
            1
        ],
        [
            2,
            16,
            1
        ],
        [
            0,
            2,
            9
        ]
    ],
    "window": 9
}