{
    "macroF": 0.8220773296841878,
    "recall": [
        0.9607843137254902,
        0.8947368421052632,
        0.6363636363636364
    ],
    "cm": [
        [
            98,
            2,
            2
        ],
        [
            1,
            17,
            1
        ],
        [
            1,
            3,
            7
        ]
    ],
    "window": 9
}