{
    "macroF": 0.8284451181002904,
    "recall": [
        0.9509803921568627,
        0.8421052631578947,
        0.7272727272727273
    ],
    "cm": [
        [
            97,
            0,
            5
        ],
        [
            1,
            16,
            2
        ],
        [
            3,
            0,
            8
        ]
    ],
    "window": 9
}