{
    "macroF": 0.817948717948718,
    "recall": [
        0.9117647058823529,
        0.7894736842105263,
        1.0
    ],
    "cm": [
        [
            93,
            2,
            7
        ],
        [
            0,
            15,
            4
        ],
        [
            0,
            0,
            11
        ]
    ],
    "window": 9
}