{
    "macroF": 0.8249734888653234,
    "recall": [
        0.9313725490196079,
        0.8947368421052632,
        0.7272727272727273
    ],
    "cm": [
        [
            95,
            4,
            3
        ],
        [
            1,
            17,
            1
        ],
        [
            2,
            1,
            8
        ]
    ],
    "window": 9
}