{
    "macroF": 0.8406875775296827,
    "recall": [
        0.9805825242718447,
        0.8888888888888888,
        0.5833333333333334
    ],
    "cm": [
        [
            101,
            1,
            1
        ],
        [
            1,
            16,
            1
        ],
        [
            4,
            1,
            7
        ]
    ],
    "window": 9
}