{
    "macroF": 0.8698586562664232,
    "recall": [
        0.9423076923076923,
        0.8888888888888888,
        0.8333333333333334
    ],
    "cm": [
        [
            49,
            1,
            2
        ],
        [
            1,
            8,
            0
        ],
        [
            1,
            0,
            5
        ]
    ],
    "window": 9
}