{
    "macroF": 0.7768408062525709,
    "recall": [
        0.9803921568627451,
        0.7777777777777778,
        0.5
    ],
    "cm": [
        [
            50,
            0,
            1
        ],
        [
            1,
            7,
            1
        ],
        [
            2,
            1,
            3
        ]
    ],
    "window": 9
}