{
    "macroF": 0.8394140691534662,
    "recall": [
        0.9803921568627451,
        1.0,
        0.5
    ],
    "cm": [
        [
            50,
            0,
            1
        ],
        [
            0,
            9,
            0
        ],
        [
            2,
            1,
            3
        ]
    ],
    "window": 9
}