{
    "macroF": 0.8755917621897003,
    "recall": [
        0.9019607843137255,
        1.0,
        1.0
    ],
    "cm": [
        [
            46,
            2,
            3
        ],
        [
            0,
            10,
            0
        ],
        [
            0,
            0,
            5
        ]
    ],
    "window": 9
}