{
    "macroF": 0.7978538579458355,
    "recall": [
        0.9607843137254902,
        0.8,
        0.6
    ],
    "cm": [
        [
            49,
            1,
            1
        ],
        [
            1,
            8,
            1
        ],
        [
            2,
            0,
            3
        ]
    ],
    "window": 9
}