{
    "macroF": 0.8346431690084941,
    "recall": [
        0.9230769230769231,
        1.0,
        0.6666666666666666
    ],
    "cm": [
        [
            48,
            1,
            3
        ],
        [
            0,
            9,
            0
        ],
        [
            2,
            0,
            4
        ]
    ],
    "window": 9
}