{
    "macroF": 0.6526570048309178,
    "recall": [
        0.803921568627451,
        0.5555555555555556,
        0.8333333333333334
    ],
    "cm": [
        [
            41,
            0,
            10
        ],
        [
            0,
            5,
            4
        ],
        [
            0,
            1,
            5
        ]
    ],
    "window": 9
}