{
    "macroF": 0.7784977703455964,
    "recall": [
        0.8823529411764706,
        1.0,
        0.6666666666666666
    ],
    "cm": [
        [
            45,
            3,
            3
        ],
        [
            0,
            9,
            0
        ],
        [
            0,
            2,
            4
        ]
    ],
    "window": 9
}