{
    "macroF": 0.7589334799340297,
    "recall": [
        1.0,
        0.7777777777777778,
        0.3333333333333333
    ],
    "cm": [
        [
            51,
            0,
            0
        ],
        [
            2,
            7,
            0
        ],
        [
            3,
            1,
            2
        ]
    ],
    "window": 9
}