{
    "macroF": 0.7992429901887544,
    "recall": [
        0.9019607843137255,
        1.0,
        0.6666666666666666
    ],
    "cm": [
        [
            46,
            3,
            2
        ],
        [
            0,
            9,
            0
        ],
        [
            0,
            2,
            4
        ]
    ],
    "window": 9
}