{
    "macroF": 0.8477416166924959,
    "recall": [
        0.9019607843137255,
        0.8888888888888888,
        1.0
    ],
    "cm": [
        [
            46,
            1,
            4
        ],
        [
            0,
            8,
            1
        ],
        [
            0,
            0,
            6
        ]
    ],
    "window": 9
}