{
    "macroF": 0.8146773861059575,
    "recall": [
        0.9215686274509803,
        1.0,
        0.6666666666666666
    ],
    "cm": [
        [
            47,
            2,
            2
        ],
        [
            0,
            9,
            0
        ],
        [
            0,
            2,
            4
        ]
    ],
    "window": 9
}