{
    "macroF": 0.7061184429605483,
    "recall": [
        0.7843137254901961,
        0.9,
        0.8
    ],
    "cm": [
        [
            40,
            2,
            9
        ],
        [
            0,
            9,
            1
        ],
        [
            0,
            1,
            4
        ]
    ],
    "window": 9
}