{
    "macroF": 0.7550304332259219,
    "recall": [
        0.9019607843137255,
        0.6666666666666666,
        0.8333333333333334
    ],
    "cm": [
        [
            46,
            0,
            5
        ],
        [
            0,
            6,
            3
        ],
        [
            1,
            0,
            5
        ]
    ],
    "window": 9
}