{
    "macroF": 0.7805422647527912,
    "recall": [
        0.8431372549019608,
        0.7777777777777778,
        1.0
    ],
    "cm": [
        [
            43,
            6,
            2
        ],
        [
            1,
            7,
            1
        ],
        [
            0,
            0,
            6
        ]
    ],
    "window": 9
}