{
    "macroF": 0.8614440391407561,
    "recall": [
        0.9607843137254902,
        0.9,
        0.8
    ],
    "cm": [
        [
            49,
            0,
            2
        ],
        [
            0,
            9,
            1
        ],
        [
            1,
            0,
            4
        ]
    ],
    "window": 9
}