{
    "macroF": 0.7732974910394265,
    "recall": [
        0.8235294117647058,
        1.0,
        0.8333333333333334
    ],
    "cm": [
        [
            42,
            5,
            4
        ],
        [
            0,
            9,
            0
        ],
        [
            0,
            1,
            5
        ]
    ],
    "window": 9
}