{
    "macroF": 0.7568307980679115,
    "recall": [
        0.8823529411764706,
        0.8888888888888888,
        0.6666666666666666
    ],
    "cm": [
        [
            45,
            3,
            3
        ],
        [
            1,
            8,
            0
        ],
        [
            0,
            2,
            4
        ]
    ],
    "window": 9
}