{
    "macroF": 0.9456171623354286,
    "recall": [
        0.9803921568627451,
        0.9,
        1.0
    ],
    "cm": [
        [
            50,
            0,
            1
        ],
        [
            1,
            9,
            0
        ],
        [
            0,
            0,
            5
        ]
    ],
    "window": 9
}