{
    "macroF": 0.7420814479638009,
    "recall": [
        0.9411764705882353,
        0.7777777777777778,
        0.5
    ],
    "cm": [
        [
            48,
            0,
            3
        ],
        [
            1,
            7,
            1
        ],
        [
            2,
            1,
            3
        ]
    ],
    "window": 9
}