{
    "macroF": 0.8586367880485527,
    "recall": [
        0.9803921568627451,
        0.7,
        0.8
    ],
    "cm": [
        [
            50,
            0,
            1
        ],
        [
            3,
            7,
            0
        ],
        [
            1,
            0,
            4
        ]
    ],
    "window": 9
}