{
    "macroF": 0.6557853910795087,
    "recall": [
        0.7843137254901961,
        0.5555555555555556,
        1.0
    ],
    "cm": [
        [
            40,
            3,
            8
        ],
        [
            0,
            5,
            4
        ],
        [
            0,
            0,
            6
        ]
    ],
    "window": 9
}