{
    "macroF": 0.624258923169994,
    "recall": [
        0.7647058823529411,
        0.8,
        0.4
    ],
    "cm": [
        [
            39,
            11,
            1
        ],
        [
            2,
            8,
            0
        ],
        [
            3,
            0,
            2
        ]
    ],
    "window": 9
}