{
    "macroF": 0.698633585041352,
    "recall": [
        0.9607843137254902,
        0.7,
        0.4
    ],
    "cm": [
        [
            49,
            2,
            0
        ],
        [
            1,
            7,
            2
        ],
        [
            2,
            1,
            2
        ]
    ],
    "window": 9
}