{
    "macroF": 0.9471572871572871,
    "recall": [
        0.9607843137254902,
        1.0,
        1.0
    ],
    "cm": [
        [
            49,
            1,
            1
        ],
        [
            0,
            10,
            0
        ],
        [
            0,
            0,
            5
        ]
    ],
    "window": 9
}