{
    "macroF": 0.7430296170533861,
    "recall": [
        0.803921568627451,
        0.9,
        0.8
    ],
    "cm": [
        [
            41,
            0,
            10
        ],
        [
            0,
            9,
            1
        ],
        [
            1,
            0,
            4
        ]
    ],
    "window": 9
}