{
    "macroF": 0.8616666666666667,
    "recall": [
        0.9411764705882353,
        0.7777777777777778,
        1.0
    ],
    "cm": [
        [
            48,
            0,
            3
        ],
        [
            1,
            7,
            1
        ],
        [
            0,
            0,
            6
        ]
    ],
    "window": 9
}