{
    "macroF": 0.8168091168091168,
    "recall": [
        0.9803921568627451,
        0.8,
        0.6
    ],
    "cm": [
        [
            50,
            0,
            1
        ],
        [
            1,
            8,
            1
        ],
        [
            2,
            0,
            3
        ]
    ],
    "window": 9
}