{
    "macroF": 0.8399607265586647,
    "recall": [
        0.9019607843137255,
        0.9,
        1.0
    ],
    "cm": [
        [
            46,
            2,
            3
        ],
        [
            0,
            9,
            1
        ],
        [
            0,
            0,
            5
        ]
    ],
    "window": 9
}