{
    "macroF": 0.7450980392156863,
    "recall": [
        0.9019607843137255,
        0.7777777777777778,
        0.5
    ],
    "cm": [
        [
            46,
            5,
            0
        ],
        [
            2,
            7,
            0
        ],
        [
            3,
            0,
            3
        ]
    ],
    "window": 9
}