{
    "macroF": 0.7925925925925926,
    "recall": [
        0.9607843137254902,
        0.7,
        0.6
    ],
    "cm": [
        [
            49,
            1,
            1
        ],
        [
            3,
            7,
            0
        ],
        [
            2,
            0,
            3
        ]
    ],
    "window": 9
}