{
    "macroF": 0.6282905846175723,
    "recall": [
        0.7884615384615384,
        0.4444444444444444,
        1.0
    ],
    "cm": [
        [
            41,
            8,
            3
        ],
        [
            1,
            4,
            4
        ],
        [
            0,
            0,
            6
        ]
    ],
    "window": 9
}