{
    "macroF": 0.6717460317460318,
    "recall": [
        0.9019607843137255,
        0.6,
        0.6
    ],
    "cm": [
        [
            46,
            2,
            3
        ],
        [
            1,
            6,
            3
        ],
        [
            2,
            0,
            3
        ]
    ],
    "window": 9
}