{
    "macroF": 0.9070588235294118,
    "recall": [
        0.9607843137254902,
        0.8888888888888888,
        1.0
    ],
    "cm": [
        [
            49,
            0,
            2
        ],
        [
            0,
            8,
            1
        ],
        [
            0,
            0,
            6
        ]
    ],
    "window": 9
}