{
    "macroF": 0.7161729940203032,
    "recall": [
        0.8235294117647058,
        0.7777777777777778,
        0.8333333333333334
    ],
    "cm": [
        [
            42,
            4,
            5
        ],
        [
            1,
            7,
            1
        ],
        [
            0,
            1,
            5
        ]
    ],
    "window": 9
}