{
    "macroF": 0.8254930254930256,
    "recall": [
        0.9807692307692307,
        0.7777777777777778,
        0.6666666666666666
    ],
    "cm": [
        [
            51,
            1,
            0
        ],
        [
            1,
            7,
            1
        ],
        [
            1,
            1,
            4
        ]
    ],
    "window": 9
}