{
    "macroF": 0.7289739500265816,
    "recall": [
        0.8627450980392157,
        0.8888888888888888,
        0.6666666666666666
    ],
    "cm": [
        [
            44,
            3,
            4
        ],
        [
            0,
            8,
            1
        ],
        [
            0,
            2,
            4
        ]
    ],
    "window": 9
}