{
    "macroF": 0.8155945419103313,
    "recall": [
        0.8627450980392157,
        0.8888888888888888,
        1.0
    ],
    "cm": [
        [
            44,
            1,
            6
        ],
        [
            0,
            8,
            1
        ],
        [
            0,
            0,
            6
        ]
    ],
    "window": 9
}