{
    "macroF": 0.8771170350117719,
    "recall": [
        0.9411764705882353,
        0.9,
        1.0
    ],
    "cm": [
        [
            48,
            0,
            3
        ],
        [
            0,
            9,
            1
        ],
        [
            0,
            0,
            5
        ]
    ],
    "window": 9
}