{
    "macroF": 0.7970139512115527,
    "recall": [
        0.9615384615384616,
        0.6666666666666666,
        0.8333333333333334
    ],
    "cm": [
        [
            50,
            1,
            1
        ],
        [
            1,
            6,
            2
        ],
        [
            0,
            1,
            5
        ]
    ],
    "window": 9
}