{
    "macroF": 0.922951194795855,
    "recall": [
        0.9803921568627451,
        0.8,
        1.0
    ],
    "cm": [
        [
            50,
            0,
            1
        ],
        [
            2,
            8,
            0
        ],
        [
            0,
            0,
            5
        ]
    ],
    "window": 9
}