{
    "macroF": 0.7876416337285903,
    "recall": [
        0.9038461538461539,
        0.8888888888888888,
        0.6666666666666666
    ],
    "cm": [
        [
            47,
            4,
            1
        ],
        [
            1,
            8,
            0
        ],
        [
            0,
            2,
            4
        ]
    ],
    "window": 9
}