{
    "macroF": 0.5986215538847118,
    "recall": [
        0.9411764705882353,
        0.6,
        0.2
    ],
    "cm": [
        [
            48,
            2,
            1
        ],
        [
            3,
            6,
            1
        ],
        [
            3,
            1,
            1
        ]
    ],
    "window": 9
}