{
    "macroF": 0.8819406764333514,
    "recall": [
        0.9019607843137255,
        1.0,
        1.0
    ],
    "cm": [
        [
            46,
            1,
            4
        ],
        [
            0,
            9,
            0
        ],
        [
            0,
            0,
            6
        ]
    ],
    "window": 9
}