{
    "macroF": 0.8399607265586647,
    "recall": [
        0.9019607843137255,
        1.0,
        0.8333333333333334
    ],
    "cm": [
        [
            46,
            2,
            3
        ],
        [
            0,
            9,
            0
        ],
        [
            0,
            1,
            5
        ]
    ],
    "window": 9
}