{
    "macroF": 0.85,
    "recall": [
        1.0,
        0.6666666666666666,
        0.8333333333333334
    ],
    "cm": [
        [
            51,
            0,
            0
        ],
        [
            1,
            6,
            2
        ],
        [
            1,
            0,
            5
        ]
    ],
    "window": 9
}