{
    "macroF": 0.6592186281627276,
    "recall": [
        0.8823529411764706,
        0.8888888888888888,
        0.3333333333333333
    ],
    "cm": [
        [
            45,
            3,
            3
        ],
        [
            1,
            8,
            0
        ],
        [
            1,
            3,
            2
        ]
    ],
    "window": 9
}