{
    "macroF": 0.8477248677248678,
    "recall": [
        0.9215686274509803,
        0.8,
        1.0
    ],
    "cm": [
        [
            47,
            0,
            4
        ],
        [
            2,
            8,
            0
        ],
        [
            0,
            0,
            5
        ]
    ],
    "window": 9
}