{
    "macroF": 0.7774283717679943,
    "recall": [
        0.9803921568627451,
        0.8,
        0.4
    ],
    "cm": [
        [
            50,
            0,
            1
        ],
        [
            2,
            8,
            0
        ],
        [
            3,
            0,
            2
        ]
    ],
    "window": 9
}