{
    "macroF": 0.9087445887445887,
    "recall": [
        0.9411764705882353,
        0.9,
        1.0
    ],
    "cm": [
        [
            48,
            2,
            1
        ],
        [
            1,
            9,
            0
        ],
        [
            0,
            0,
            5
        ]
    ],
    "window": 9
}