{
    "macroF": 0.9151278634431118,
    "recall": [
        0.9803921568627451,
        0.8888888888888888,
        0.8333333333333334
    ],
    "cm": [
        [
            50,
            0,
            1
        ],
        [
            1,
            8,
            0
        ],
        [
            1,
            0,
            5
        ]
    ],
    "window": 9
}