{
    "macroF": 0.6405228758169934,
    "recall": [
        0.9215686274509803,
        0.6,
        0.4
    ],
    "cm": [
        [
            47,
            3,
            1
        ],
        [
            2,
            6,
            2
        ],
        [
            2,
            1,
            2
        ]
    ],
    "window": 9
}