{
    "macroF": 0.652303474581322,
    "recall": [
        0.8431372549019608,
        0.6666666666666666,
        0.6666666666666666
    ],
    "cm": [
        [
            43,
            4,
            4
        ],
        [
            0,
            6,
            3
        ],
        [
            0,
            2,
            4
        ]
    ],
    "window": 9
}