{
    "macroF": 0.9125532277295179,
    "recall": [
        1.0,
        1.0,
        0.6666666666666666
    ],
    "cm": [
        [
            51,
            0,
            0
        ],
        [
            0,
            9,
            0
        ],
        [
            1,
            1,
            4
        ]
    ],
    "window": 9
}