{
    "macroF": 0.817486743124923,
    "recall": [
        1.0,
        0.7777777777777778,
        0.5
    ],
    "cm": [
        [
            51,
            0,
            0
        ],
        [
            2,
            7,
            0
        ],
        [
            2,
            1,
            3
        ]
    ],
    "window": 9
}