{
    "macroF": 0.8074744834453572,
    "recall": [
        0.9411764705882353,
        0.7777777777777778,
        0.6666666666666666
    ],
    "cm": [
        [
            48,
            0,
            3
        ],
        [
            2,
            7,
            0
        ],
        [
            2,
            0,
            4
        ]
    ],
    "window": 9
}