{
    "macroF": 0.7026143790849674,
    "recall": [
        0.9411764705882353,
        0.6,
        0.6
    ],
    "cm": [
        [
            48,
            2,
            1
        ],
        [
            1,
            6,
            3
        ],
        [
            2,
            0,
            3
        ]
    ],
    "window": 9
}