{
    "macroF": 0.6252677899368885,
    "recall": [
        0.9019607843137255,
        0.6,
        0.4
    ],
    "cm": [
        [
            46,
            2,
            3
        ],
        [
            2,
            6,
            2
        ],
        [
            2,
            1,
            2
        ]
    ],
    "window": 9
}