{
    "macroF": 0.8790880503144655,
    "recall": [
        1.0,
        0.7777777777777778,
        0.6666666666666666
    ],
    "cm": [
        [
            51,
            0,
            0
        ],
        [
            2,
            7,
            0
        ],
        [
            2,
            0,
            4
        ]
    ],
    "window": 9
}