{
    "macroF": 0.7757034632034632,
    "recall": [
        0.8823529411764706,
        0.9,
        0.8
    ],
    "cm": [
        [
            45,
            2,
            4
        ],
        [
            0,
            9,
            1
        ],
        [
            0,
            1,
            4
        ]
    ],
    "window": 9
}