{
    "macroF": 0.7094017094017094,
    "recall": [
        0.9607843137254902,
        0.6666666666666666,
        0.5
    ],
    "cm": [
        [
            49,
            0,
            2
        ],
        [
            1,
            6,
            2
        ],
        [
            1,
            2,
            3
        ]
    ],
    "window": 9
}