{
    "macroF": 0.8510903426791279,
    "recall": [
        1.0,
        0.6666666666666666,
        0.6666666666666666
    ],
    "cm": [
        [
            51,
            0,
            0
        ],
        [
            3,
            6,
            0
        ],
        [
            2,
            0,
            4
        ]
    ],
    "window": 9
}