{
    "macroF": 0.7725885225885225,
    "recall": [
        0.9615384615384616,
        0.6666666666666666,
        0.6666666666666666
    ],
    "cm": [
        [
            50,
            1,
            1
        ],
        [
            1,
            6,
            2
        ],
        [
            2,
            0,
            4
        ]
    ],
    "window": 9
}