{
    "macroF": 0.7688792688792688,
    "recall": [
        0.9215686274509803,
        0.9,
        0.6
    ],
    "cm": [
        [
            47,
            1,
            3
        ],
        [
            0,
            9,
            1
        ],
        [
            1,
            1,
            3
        ]
    ],
    "window": 9
}