{
    "macroF": 0.5775486827033219,
    "recall": [
        0.8235294117647058,
        0.6,
        0.4
    ],
    "cm": [
        [
            42,
            3,
            6
        ],
        [
            2,
            6,
            2
        ],
        [
            2,
            1,
            2
        ]
    ],
    "window": 9
}